Workbook

Sheet Sheet1
A1: No. | B1: 氏 名 | C1: ふ り が な | D1: カタカナ | E1: 年齢 | F1: 昭 | G1: 平 | H1: 令 | I1: 生号1 | J1: 生号2 | K1: 生年 | L1: 生月 | M1: 生日 | N1: 生年月日 | O1: 携 帯 電 話 | P1: 携1 | Q1: 携 | R1: 携2 | S1: 携3 | T1: 固 定 電 話 | U1: 固1 | V1: 固 | W1: 固2 | X1: 固3 | Y1: 郵便番号 | Z1: 郵便 | AA1: 郵- | AB1: 番号 | AC1: 住 所 | AD1: 銃所持許可証番号 | AE1: 銃交付 年号2 | AF1: 銃交付 年号1 | AG1: 銃交付 年号 | AH1: 銃交付 年 | AI1: 銃交付 月 | AJ1: 銃交付 日 | AK1: 交付年月日 | AL1: 銃免状1 | AM1: 銃免状 | AN1: 一種登録 | AO1: 銃 狩猟免状番号 | AP1: 銃 狩 | AQ1: 銃猟免状番 | AR1: 号a | AS1: 銃号2 | AT1: 銃号1 | AU1: 銃号 | AV1: 銃年 | AW1: 銃月 | AX1: 銃日 | AY1: 銃年月日 | AZ1: わな免状1 | BA1: わな免状 | BB1: わな登録 | BC1: わな 狩猟免状番号 | BD1: わな 狩 | BE1: 罠猟免状番 | BF1: 号b | BG1: 罠号2 | BH1: 罠号1 | BI1: 罠号 | BJ1: 罠年 | BK1: 罠月 | BL1: 罠日 | BM1: わな年月日 | BN1: 網免状1 | BO1: 網免状 | BP1: 網登録 | BQ1: 網 狩猟免状番号 | BR1: 網 狩 | BS1: 網猟免状番 | BT1: 号c | BU1: 網号2 | BV1: 網号1 | BW1: 網号 | BX1: 網年 | BY1: 網月 | BZ1: 網日 | CA1: 網年月日 | CB1: 狩猟免許 | CC1: 次回更新 | CD1: 男 | CE1: 女 | CF1: 捕獲員である | CG1: 捕獲員でない | CH1: 西暦 | CI1: 和暦 | CJ1: 当号 | CK1: 当年 | CL1: 当月 | CM1: 当日 | CN1: 職業 | CO1: TODAY
A2: =IF(B2="","",ROW()-ROW(会員表[#Headers])) -> 1 | B2: 見本 太郎 | C2: {=_xlfn.LET(_xlpm.s,PHONETIC(B2),_xlpm.c,_xlfn.UNICODE(MID(_xlpm.s,_xlfn.SEQUENCE(LEN(_xlpm.s)),1)),IF(_xlpm.s="","",_xlfn.CONCAT(_xlfn.UNICHAR(_xlpm.c-96*(_xlpm.c>=12449)*(_xlpm.c<=12534)))))} -> みほん たろう | D2: {=_xlfn.LET(_xlpm.s,PHONETIC(B2),_xlpm.c,_xlfn.UNICODE(MID(_xlpm.s,_xlfn.SEQUENCE(LEN(_xlpm.s)),1)),IF(_xlpm.s="","",_xlfn.CONCAT(_xlfn.UNICHAR(_xlpm.c+96*(_xlpm.c>=12353)*(_xlpm.c<=12438)))))} -> ミホン タロウ | E2: =IF(N2="","",DATEDIF(N2,TODAY(),"Y")) -> 61 | F2: =IF(I2="昭","〇","") -> 〇 | G2: =IF(I2="平","〇","") | H2: =IF(I2="令","〇","") | I2: =IF($N2="","",TEXT($N2,"gg")) -> 昭 | J2: =IF($N2="","",TEXT($N2,"ggg")) -> 昭和 | K2: =IF($N2="","",TEXT($N2,"e")) -> 40 | L2: =IF($N2="","",TEXT($N2,"m")) -> 4 | M2: =IF($N2="","",TEXT($N2,"d")) -> 1 | N2: 23833 | O2: 090-0000-0001 | P2: =IFERROR(LEFT(O2,FIND("-",O2)-1),"") -> 090 | Q2: =IFERROR(RIGHT(O2,LEN(O2)-FIND("-",O2)),"") -> 0000-0001 | R2: =IFERROR(LEFT(Q2,FIND("-",Q2)-1),"") -> 0000 | S2: =IFERROR(RIGHT(Q2,LEN(Q2)-FIND("-",Q2)),"") -> 0001 | T2: 000-000-0001 | U2: =IFERROR(LEFT(T2,FIND("-",T2)-1),"") -> 000 | V2: =IFERROR(RIGHT(T2,LEN(T2)-FIND("-",T2)),"") -> 000-0001 | W2: =IFERROR(LEFT(V2,FIND("-",V2)-1),"") -> 000 | X2: =IFERROR(RIGHT(V2,LEN(V2)-FIND("-",V2)),"") -> 0001 | Y2: 000-0001 | Z2: =IF(Y2="","",LEFT(SUBSTITUTE(ASC(Y2),"-",""),3)) -> 000 | AA2: - | AB2: =IF(Y2="","",MID(SUBSTITUTE(ASC(Y2),"-",""),4,4)) -> 0001 | AC2: 見本市見本町1丁目2-3 | AD2: 12345678901 | AE2: =IF(AK2="","",TEXT($AK2,"ggg")) -> 令和 | AF2: =IF(AK2="","",TEXT($AK2,"gg")) -> 令 | AG2: =IF(AK2="","",TEXT($AK2,"g")) -> R | AH2: =IF(AK2="","",TEXT($AK2,"e")) -> 4 | AI2: =IF(AK2="","",TEXT($AK2,"m")) -> 5 | AJ2: =IF(AK2="","",TEXT($AK2,"d")) -> 20 | AK2: 44701 | AL2: =IF(AM2="","",IF(各種設定金額!$B$7="","○○県",各種設定金額!$B$7)) -> ○○県 | AM2: ✔ | AN2: ✔ | AO2: =IF(TRIM(AQ2)="","",AP2&AQ2&AR2) -> 第 ○○ 1234561 号 | AP2: 第 ○○ | AQ2: 1234561 | AR2: 号 | AS2: =IF(AY2="","",TEXT($AY2,"ggg")) -> 令和 | AT2: =IF(AY2="","",TEXT($AY2,"gg")) -> 令 | AU2: =IF(AY2="","",TEXT($AY2,"g")) -> R | AV2: =IF(AY2="","",TEXT($AY2,"e")) -> 6 | AW2: =IF(AY2="","",TEXT($AY2,"m")) -> 6 | AX2: =IF(AY2="","",TEXT($AY2,"d")) -> 10 | AY2: 45453 | AZ2: =IF(BA2="","",IF(各種設定金額!$B$7="","○○県",各種設定金額!$B$7)) -> ○○県 | BA2: ✔ | BB2: ✔ | BC2: =IF(TRIM(BE2)="","",BD2&BE2&BF2) -> 第 ○○ 2234561 号 | BD2: 第 ○○ | BE2: 2234561 | BF2: 号 | BG2: =IF(BM2="","",TEXT($BM2,"ggg")) -> 令和 | BH2: =IF(BM2="","",TEXT($BM2,"gg")) -> 令 | BI2: =IF(BM2="","",TEXT($BM2,"g")) -> R | BJ2: =IF(BM2="","",TEXT($BM2,"e")) -> 6 | BK2: =IF(BM2="","",TEXT($BM2,"m")) -> 6 | BL2: =IF(BM2="","",TEXT($BM2,"d")) -> 10 | BM2: 45453 | BN2: =IF(BO2="","",IF(各種設定金額!$B$7="","○○県",各種設定金額!$B$7)) | BQ2: =IF(TRIM(BS2)="","",BR2&BS2&BT2) | BT2: 号 | BU2: =IF(CA2="","",TEXT($CA2,"ggg")) | BV2: =IF(CA2="","",TEXT($CA2,"gg")) | BW2: =IF(CA2="","",TEXT($CA2,"g")) | BX2: =IF(CA2="","",TEXT($CA2,"e")) | BY2: =IF(CA2="","",TEXT($CA2,"m")) | BZ2: =IF(CA2="","",TEXT($CA2,"d")) | CB2: =IF(COUNT(AY2,BM2,CA2)=0,"",TEXT(DATE(YEAR(MIN(AY2,BM2,CA2))+3,9,14),"g")) -> R | CC2: =IF(COUNT(AY2,BM2,CA2)=0,"",VALUE(TEXT(DATE(YEAR(MIN(AY2,BM2,CA2))+3,9,14),"e"))) -> 9 | CD2: 〇 | CG2: ✔ | CH2: =YEAR(TODAY()) -> 2026 | CI2: =TEXT($CO2,"ggg") -> 令和 | CJ2: =TEXT($CO2,"g") -> R | CK2: =TEXT($CO2,"e") -> 8 | CL2: =MONTH(TODAY()) -> 10 | CM2: =DAY(TODAY()) -> 24 | CN2: 会社員 | CO2: =TODAY() -> 46319
A3: =IF(B3="","",ROW()-ROW(会員表[#Headers])) -> 2 | B3: 例示 花子 | C3: {=_xlfn.LET(_xlpm.s,PHONETIC(B3),_xlpm.c,_xlfn.UNICODE(MID(_xlpm.s,_xlfn.SEQUENCE(LEN(_xlpm.s)),1)),IF(_xlpm.s="","",_xlfn.CONCAT(_xlfn.UNICHAR(_xlpm.c-96*(_xlpm.c>=12449)*(_xlpm.c<=12534)))))} -> れいじ はなこ | D3: {=_xlfn.LET(_xlpm.s,PHONETIC(B3),_xlpm.c,_xlfn.UNICODE(MID(_xlpm.s,_xlfn.SEQUENCE(LEN(_xlpm.s)),1)),IF(_xlpm.s="","",_xlfn.CONCAT(_xlfn.UNICHAR(_xlpm.c+96*(_xlpm.c>=12353)*(_xlpm.c<=12438)))))} -> レイジ ハナコ | E3: =IF(N3="","",DATEDIF(N3,TODAY(),"Y")) -> 46 | F3: =IF(I3="昭","〇","") -> 〇 | G3: =IF(I3="平","〇","") | H3: =IF(I3="令","〇","") | I3: =IF($N3="","",TEXT($N3,"gg")) -> 昭 | J3: =IF($N3="","",TEXT($N3,"ggg")) -> 昭和 | K3: =IF($N3="","",TEXT($N3,"e")) -> 55 | L3: =IF($N3="","",TEXT($N3,"m")) -> 7 | M3: =IF($N3="","",TEXT($N3,"d")) -> 15 | N3: 29417 | O3: 080-0000-0002 | P3: =IFERROR(LEFT(O3,FIND("-",O3)-1),"") -> 080 | Q3: =IFERROR(RIGHT(O3,LEN(O3)-FIND("-",O3)),"") -> 0000-0002 | R3: =IFERROR(LEFT(Q3,FIND("-",Q3)-1),"") -> 0000 | S3: =IFERROR(RIGHT(Q3,LEN(Q3)-FIND("-",Q3)),"") -> 0002 | U3: =IFERROR(LEFT(T3,FIND("-",T3)-1),"") | V3: =IFERROR(RIGHT(T3,LEN(T3)-FIND("-",T3)),"") | W3: =IFERROR(LEFT(V3,FIND("-",V3)-1),"") | X3: =IFERROR(RIGHT(V3,LEN(V3)-FIND("-",V3)),"") | Y3: 000-0002 | Z3: =IF(Y3="","",LEFT(SUBSTITUTE(ASC(Y3),"-",""),3)) -> 000 | AA3: - | AB3: =IF(Y3="","",MID(SUBSTITUTE(ASC(Y3),"-",""),4,4)) -> 0002 | AC3: 例示市例示町2丁目3-4 | AE3: =IF(AK3="","",TEXT($AK3,"ggg")) | AF3: =IF(AK3="","",TEXT($AK3,"gg")) | AG3: =IF(AK3="","",TEXT($AK3,"g")) | AH3: =IF(AK3="","",TEXT($AK3,"e")) | AI3: =IF(AK3="","",TEXT($AK3,"m")) | AJ3: =IF(AK3="","",TEXT($AK3,"d")) | AL3: =IF(AM3="","",IF(各種設定金額!$B$7="","○○県",各種設定金額!$B$7)) | AO3: =IF(TRIM(AQ3)="","",AP3&AQ3&AR3) | AR3: 号 | AS3: =IF(AY3="","",TEXT($AY3,"ggg")) | AT3: =IF(AY3="","",TEXT($AY3,"gg")) | AU3: =IF(AY3="","",TEXT($AY3,"g")) | AV3: =IF(AY3="","",TEXT($AY3,"e")) | AW3: =IF(AY3="","",TEXT($AY3,"m")) | AX3: =IF(AY3="","",TEXT($AY3,"d")) | AZ3: =IF(BA3="","",IF(各種設定金額!$B$7="","○○県",各種設定金額!$B$7)) -> ○○県 | BA3: ✔ | BB3: ✔ | BC3: =IF(TRIM(BE3)="","",BD3&BE3&BF3) -> 第 ○○ 2234562 号 | BD3: 第 ○○ | BE3: 2234562 | BF3: 号 | BG3: =IF(BM3="","",TEXT($BM3,"ggg")) -> 令和 | BH3: =IF(BM3="","",TEXT($BM3,"gg")) -> 令 | BI3: =IF(BM3="","",TEXT($BM3,"g")) -> R | BJ3: =IF(BM3="","",TEXT($BM3,"e")) -> 5 | BK3: =IF(BM3="","",TEXT($BM3,"m")) -> 8 | BL3: =IF(BM3="","",TEXT($BM3,"d")) -> 1 | BM3: 45139 | BN3: =IF(BO3="","",IF(各種設定金額!$B$7="","○○県",各種設定金額!$B$7)) | BQ3: =IF(TRIM(BS3)="","",BR3&BS3&BT3) | BT3: 号 | BU3: =IF(CA3="","",TEXT($CA3,"ggg")) | BV3: =IF(CA3="","",TEXT($CA3,"gg")) | BW3: =IF(CA3="","",TEXT($CA3,"g")) | BX3: =IF(CA3="","",TEXT($CA3,"e")) | BY3: =IF(CA3="","",TEXT($CA3,"m")) | BZ3: =IF(CA3="","",TEXT($CA3,"d")) | CB3: =IF(COUNT(AY3,BM3,CA3)=0,"",TEXT(DATE(YEAR(MIN(AY3,BM3,CA3))+3,9,14),"g")) -> R | CC3: =IF(COUNT(AY3,BM3,CA3)=0,"",VALUE(TEXT(DATE(YEAR(MIN(AY3,BM3,CA3))+3,9,14),"e"))) -> 8 | CE3: 〇 | CG3: ✔ | CH3: =YEAR(TODAY()) -> 2026 | CI3: =TEXT($CO3,"ggg") -> 令和 | CJ3: =TEXT($CO3,"g") -> R | CK3: =TEXT($CO3,"e") -> 8 | CL3: =MONTH(TODAY()) -> 10 | CM3: =DAY(TODAY()) -> 24 | CN3: 農業 | CO3: =TODAY() -> 46319
A4: =IF(B4="","",ROW()-ROW(会員表[#Headers])) -> 3 | B4: 記入 次郎 | C4: {=_xlfn.LET(_xlpm.s,PHONETIC(B4),_xlpm.c,_xlfn.UNICODE(MID(_xlpm.s,_xlfn.SEQUENCE(LEN(_xlpm.s)),1)),IF(_xlpm.s="","",_xlfn.CONCAT(_xlfn.UNICHAR(_xlpm.c-96*(_xlpm.c>=12449)*(_xlpm.c<=12534)))))} -> きにゅう じろう | D4: {=_xlfn.LET(_xlpm.s,PHONETIC(B4),_xlpm.c,_xlfn.UNICODE(MID(_xlpm.s,_xlfn.SEQUENCE(LEN(_xlpm.s)),1)),IF(_xlpm.s="","",_xlfn.CONCAT(_xlfn.UNICHAR(_xlpm.c+96*(_xlpm.c>=12353)*(_xlpm.c<=12438)))))} -> キニュウ ジロウ | E4: =IF(N4="","",DATEDIF(N4,TODAY(),"Y")) -> 67 | F4: =IF(I4="昭","〇","") -> 〇 | G4: =IF(I4="平","〇","") | H4: =IF(I4="令","〇","") | I4: =IF($N4="","",TEXT($N4,"gg")) -> 昭 | J4: =IF($N4="","",TEXT($N4,"ggg")) -> 昭和 | K4: =IF($N4="","",TEXT($N4,"e")) -> 33 | L4: =IF($N4="","",TEXT($N4,"m")) -> 11 | M4: =IF($N4="","",TEXT($N4,"d")) -> 20 | N4: 21509 | O4: 070-0000-0003 | P4: =IFERROR(LEFT(O4,FIND("-",O4)-1),"") -> 070 | Q4: =IFERROR(RIGHT(O4,LEN(O4)-FIND("-",O4)),"") -> 0000-0003 | R4: =IFERROR(LEFT(Q4,FIND("-",Q4)-1),"") -> 0000 | S4: =IFERROR(RIGHT(Q4,LEN(Q4)-FIND("-",Q4)),"") -> 0003 | U4: =IFERROR(LEFT(T4,FIND("-",T4)-1),"") | V4: =IFERROR(RIGHT(T4,LEN(T4)-FIND("-",T4)),"") | W4: =IFERROR(LEFT(V4,FIND("-",V4)-1),"") | X4: =IFERROR(RIGHT(V4,LEN(V4)-FIND("-",V4)),"") | Y4: 000-0003 | Z4: =IF(Y4="","",LEFT(SUBSTITUTE(ASC(Y4),"-",""),3)) -> 000 | AA4: - | AB4: =IF(Y4="","",MID(SUBSTITUTE(ASC(Y4),"-",""),4,4)) -> 0003 | AC4: 記入市記入町3丁目4-5 | AD4: 12345678903 | AE4: =IF(AK4="","",TEXT($AK4,"ggg")) -> 令和 | AF4: =IF(AK4="","",TEXT($AK4,"gg")) -> 令 | AG4: =IF(AK4="","",TEXT($AK4,"g")) -> R | AH4: =IF(AK4="","",TEXT($AK4,"e")) -> 3 | AI4: =IF(AK4="","",TEXT($AK4,"m")) -> 3 | AJ4: =IF(AK4="","",TEXT($AK4,"d")) -> 15 | AK4: 44270 | AL4: =IF(AM4="","",IF(各種設定金額!$B$7="","○○県",各種設定金額!$B$7)) -> ○○県 | AM4: ✔ | AN4: 2️⃣ | AO4: =IF(TRIM(AQ4)="","",AP4&AQ4&AR4) -> 第 ○○ 1234563 号 | AP4: 第 ○○ | AQ4: 1234563 | AR4: 号 | AS4: =IF(AY4="","",TEXT($AY4,"ggg")) -> 令和 | AT4: =IF(AY4="","",TEXT($AY4,"gg")) -> 令 | AU4: =IF(AY4="","",TEXT($AY4,"g")) -> R | AV4: =IF(AY4="","",TEXT($AY4,"e")) -> 7 | AW4: =IF(AY4="","",TEXT($AY4,"m")) -> 7 | AX4: =IF(AY4="","",TEXT($AY4,"d")) -> 1 | AY4: 45839 | AZ4: =IF(BA4="","",IF(各種設定金額!$B$7="","○○県",各種設定金額!$B$7)) | BC4: =IF(TRIM(BE4)="","",BD4&BE4&BF4) | BF4: 号 | BG4: =IF(BM4="","",TEXT($BM4,"ggg")) | BH4: =IF(BM4="","",TEXT($BM4,"gg")) | BI4: =IF(BM4="","",TEXT($BM4,"g")) | BJ4: =IF(BM4="","",TEXT($BM4,"e")) | BK4: =IF(BM4="","",TEXT($BM4,"m")) | BL4: =IF(BM4="","",TEXT($BM4,"d")) | BN4: =IF(BO4="","",IF(各種設定金額!$B$7="","○○県",各種設定金額!$B$7)) -> ○○県 | BO4: ✔ | BP4: ✔ | BQ4: =IF(TRIM(BS4)="","",BR4&BS4&BT4) -> 第 ○○ 3234563 号 | BR4: 第 ○○ | BS4: 3234563 | BT4: 号 | BU4: =IF(CA4="","",TEXT($CA4,"ggg")) -> 令和 | BV4: =IF(CA4="","",TEXT($CA4,"gg")) -> 令 | BW4: =IF(CA4="","",TEXT($CA4,"g")) -> R | BX4: =IF(CA4="","",TEXT($CA4,"e")) -> 7 | BY4: =IF(CA4="","",TEXT($CA4,"m")) -> 7 | BZ4: =IF(CA4="","",TEXT($CA4,"d")) -> 1 | CA4: 45839 | CB4: =IF(COUNT(AY4,BM4,CA4)=0,"",TEXT(DATE(YEAR(MIN(AY4,BM4,CA4))+3,9,14),"g")) -> R | CC4: =IF(COUNT(AY4,BM4,CA4)=0,"",VALUE(TEXT(DATE(YEAR(MIN(AY4,BM4,CA4))+3,9,14),"e"))) -> 10 | CD4: 〇 | CF4: ✔ | CH4: =YEAR(TODAY()) -> 2026 | CI4: =TEXT($CO4,"ggg") -> 令和 | CJ4: =TEXT($CO4,"g") -> R | CK4: =TEXT($CO4,"e") -> 8 | CL4: =MONTH(TODAY()) -> 10 | CM4: =DAY(TODAY()) -> 24 | CN4: 自営業 | CO4: =TODAY() -> 46319
A5: =IF(B5="","",ROW()-ROW(会員表[#Headers])) -> 4 | B5: 試験 三郎 | C5: {=_xlfn.LET(_xlpm.s,PHONETIC(B5),_xlpm.c,_xlfn.UNICODE(MID(_xlpm.s,_xlfn.SEQUENCE(LEN(_xlpm.s)),1)),IF(_xlpm.s="","",_xlfn.CONCAT(_xlfn.UNICHAR(_xlpm.c-96*(_xlpm.c>=12449)*(_xlpm.c<=12534)))))} -> しけん さぶろう | D5: {=_xlfn.LET(_xlpm.s,PHONETIC(B5),_xlpm.c,_xlfn.UNICODE(MID(_xlpm.s,_xlfn.SEQUENCE(LEN(_xlpm.s)),1)),IF(_xlpm.s="","",_xlfn.CONCAT(_xlfn.UNICHAR(_xlpm.c+96*(_xlpm.c>=12353)*(_xlpm.c<=12438)))))} -> シケン サブロウ | E5: =IF(N5="","",DATEDIF(N5,TODAY(),"Y")) -> 54 | F5: =IF(I5="昭","〇","") -> 〇 | G5: =IF(I5="平","〇","") | H5: =IF(I5="令","〇","") | I5: =IF($N5="","",TEXT($N5,"gg")) -> 昭 | J5: =IF($N5="","",TEXT($N5,"ggg")) -> 昭和 | K5: =IF($N5="","",TEXT($N5,"e")) -> 47 | L5: =IF($N5="","",TEXT($N5,"m")) -> 2 | M5: =IF($N5="","",TEXT($N5,"d")) -> 28 | N5: 26357 | O5: 090-0000-0004 | P5: =IFERROR(LEFT(O5,FIND("-",O5)-1),"") -> 090 | Q5: =IFERROR(RIGHT(O5,LEN(O5)-FIND("-",O5)),"") -> 0000-0004 | R5: =IFERROR(LEFT(Q5,FIND("-",Q5)-1),"") -> 0000 | S5: =IFERROR(RIGHT(Q5,LEN(Q5)-FIND("-",Q5)),"") -> 0004 | T5: 000-000-0004 | U5: =IFERROR(LEFT(T5,FIND("-",T5)-1),"") -> 000 | V5: =IFERROR(RIGHT(T5,LEN(T5)-FIND("-",T5)),"") -> 000-0004 | W5: =IFERROR(LEFT(V5,FIND("-",V5)-1),"") -> 000 | X5: =IFERROR(RIGHT(V5,LEN(V5)-FIND("-",V5)),"") -> 0004 | Y5: 000-0004 | Z5: =IF(Y5="","",LEFT(SUBSTITUTE(ASC(Y5),"-",""),3)) -> 000 | AA5: - | AB5: =IF(Y5="","",MID(SUBSTITUTE(ASC(Y5),"-",""),4,4)) -> 0004 | AC5: 試験市試験町4丁目5-6 | AD5: 12345678904 | AE5: =IF(AK5="","",TEXT($AK5,"ggg")) -> 令和 | AF5: =IF(AK5="","",TEXT($AK5,"gg")) -> 令 | AG5: =IF(AK5="","",TEXT($AK5,"g")) -> R | AH5: =IF(AK5="","",TEXT($AK5,"e")) -> 2 | AI5: =IF(AK5="","",TEXT($AK5,"m")) -> 9 | AJ5: =IF(AK5="","",TEXT($AK5,"d")) -> 1 | AK5: 44075 | AL5: =IF(AM5="","",IF(各種設定金額!$B$7="","○○県",各種設定金額!$B$7)) -> ○○県 | AM5: ✔ | AN5: ✔ | AO5: =IF(TRIM(AQ5)="","",AP5&AQ5&AR5) -> 第 ○○ 1234564 号 | AP5: 第 ○○ | AQ5: 1234564 | AR5: 号 | AS5: =IF(AY5="","",TEXT($AY5,"ggg")) -> 令和 | AT5: =IF(AY5="","",TEXT($AY5,"gg")) -> 令 | AU5: =IF(AY5="","",TEXT($AY5,"g")) -> R | AV5: =IF(AY5="","",TEXT($AY5,"e")) -> 5 | AW5: =IF(AY5="","",TEXT($AY5,"m")) -> 4 | AX5: =IF(AY5="","",TEXT($AY5,"d")) -> 10 | AY5: 45026 | AZ5: =IF(BA5="","",IF(各種設定金額!$B$7="","○○県",各種設定金額!$B$7)) | BC5: =IF(TRIM(BE5)="","",BD5&BE5&BF5) | BF5: 号 | BG5: =IF(BM5="","",TEXT($BM5,"ggg")) | BH5: =IF(BM5="","",TEXT($BM5,"gg")) | BI5: =IF(BM5="","",TEXT($BM5,"g")) | BJ5: =IF(BM5="","",TEXT($BM5,"e")) | BK5: =IF(BM5="","",TEXT($BM5,"m")) | BL5: =IF(BM5="","",TEXT($BM5,"d")) | BN5: =IF(BO5="","",IF(各種設定金額!$B$7="","○○県",各種設定金額!$B$7)) | BQ5: =IF(TRIM(BS5)="","",BR5&BS5&BT5) | BT5: 号 | BU5: =IF(CA5="","",TEXT($CA5,"ggg")) | BV5: =IF(CA5="","",TEXT($CA5,"gg")) | BW5: =IF(CA5="","",TEXT($CA5,"g")) | BX5: =IF(CA5="","",TEXT($CA5,"e")) | BY5: =IF(CA5="","",TEXT($CA5,"m")) | BZ5: =IF(CA5="","",TEXT($CA5,"d")) | CB5: =IF(COUNT(AY5,BM5,CA5)=0,"",TEXT(DATE(YEAR(MIN(AY5,BM5,CA5))+3,9,14),"g")) -> R | CC5: =IF(COUNT(AY5,BM5,CA5)=0,"",VALUE(TEXT(DATE(YEAR(MIN(AY5,BM5,CA5))+3,9,14),"e"))) -> 8 | CD5: 〇 | CG5: ✔ | CH5: =YEAR(TODAY()) -> 2026 | CI5: =TEXT($CO5,"ggg") -> 令和 | CJ5: =TEXT($CO5,"g") -> R | CK5: =TEXT($CO5,"e") -> 8 | CL5: =MONTH(TODAY()) -> 10 | CM5: =DAY(TODAY()) -> 24 | CN5: 公務員 | CO5: =TODAY() -> 46319
A6: =IF(B6="","",ROW()-ROW(会員表[#Headers])) -> 5 | B6: 架空 良子 | C6: {=_xlfn.LET(_xlpm.s,PHONETIC(B6),_xlpm.c,_xlfn.UNICODE(MID(_xlpm.s,_xlfn.SEQUENCE(LEN(_xlpm.s)),1)),IF(_xlpm.s="","",_xlfn.CONCAT(_xlfn.UNICHAR(_xlpm.c-96*(_xlpm.c>=12449)*(_xlpm.c<=12534)))))} -> かくう よしこ | D6: {=_xlfn.LET(_xlpm.s,PHONETIC(B6),_xlpm.c,_xlfn.UNICODE(MID(_xlpm.s,_xlfn.SEQUENCE(LEN(_xlpm.s)),1)),IF(_xlpm.s="","",_xlfn.CONCAT(_xlfn.UNICHAR(_xlpm.c+96*(_xlpm.c>=12353)*(_xlpm.c<=12438)))))} -> カクウ ヨシコ | E6: =IF(N6="","",DATEDIF(N6,TODAY(),"Y")) -> 35 | F6: =IF(I6="昭","〇","") | G6: =IF(I6="平","〇","") -> 〇 | H6: =IF(I6="令","〇","") | I6: =IF($N6="","",TEXT($N6,"gg")) -> 平 | J6: =IF($N6="","",TEXT($N6,"ggg")) -> 平成 | K6: =IF($N6="","",TEXT($N6,"e")) -> 2 | L6: =IF($N6="","",TEXT($N6,"m")) -> 12 | M6: =IF($N6="","",TEXT($N6,"d")) -> 5 | N6: 33212 | O6: 080-0000-0005 | P6: =IFERROR(LEFT(O6,FIND("-",O6)-1),"") -> 080 | Q6: =IFERROR(RIGHT(O6,LEN(O6)-FIND("-",O6)),"") -> 0000-0005 | R6: =IFERROR(LEFT(Q6,FIND("-",Q6)-1),"") -> 0000 | S6: =IFERROR(RIGHT(Q6,LEN(Q6)-FIND("-",Q6)),"") -> 0005 | U6: =IFERROR(LEFT(T6,FIND("-",T6)-1),"") | V6: =IFERROR(RIGHT(T6,LEN(T6)-FIND("-",T6)),"") | W6: =IFERROR(LEFT(V6,FIND("-",V6)-1),"") | X6: =IFERROR(RIGHT(V6,LEN(V6)-FIND("-",V6)),"") | Y6: 000-0005 | Z6: =IF(Y6="","",LEFT(SUBSTITUTE(ASC(Y6),"-",""),3)) -> 000 | AA6: - | AB6: =IF(Y6="","",MID(SUBSTITUTE(ASC(Y6),"-",""),4,4)) -> 0005 | AC6: 架空市架空町5丁目6-7 | AE6: =IF(AK6="","",TEXT($AK6,"ggg")) | AF6: =IF(AK6="","",TEXT($AK6,"gg")) | AG6: =IF(AK6="","",TEXT($AK6,"g")) | AH6: =IF(AK6="","",TEXT($AK6,"e")) | AI6: =IF(AK6="","",TEXT($AK6,"m")) | AJ6: =IF(AK6="","",TEXT($AK6,"d")) | AL6: =IF(AM6="","",IF(各種設定金額!$B$7="","○○県",各種設定金額!$B$7)) | AO6: =IF(TRIM(AQ6)="","",AP6&AQ6&AR6) | AR6: 号 | AS6: =IF(AY6="","",TEXT($AY6,"ggg")) | AT6: =IF(AY6="","",TEXT($AY6,"gg")) | AU6: =IF(AY6="","",TEXT($AY6,"g")) | AV6: =IF(AY6="","",TEXT($AY6,"e")) | AW6: =IF(AY6="","",TEXT($AY6,"m")) | AX6: =IF(AY6="","",TEXT($AY6,"d")) | AZ6: =IF(BA6="","",IF(各種設定金額!$B$7="","○○県",各種設定金額!$B$7)) -> ○○県 | BA6: ✔ | BB6: ✔ | BC6: =IF(TRIM(BE6)="","",BD6&BE6&BF6) -> 第 ○○ 2234565 号 | BD6: 第 ○○ | BE6: 2234565 | BF6: 号 | BG6: =IF(BM6="","",TEXT($BM6,"ggg")) -> 令和 | BH6: =IF(BM6="","",TEXT($BM6,"gg")) -> 令 | BI6: =IF(BM6="","",TEXT($BM6,"g")) -> R | BJ6: =IF(BM6="","",TEXT($BM6,"e")) -> 6 | BK6: =IF(BM6="","",TEXT($BM6,"m")) -> 9 | BL6: =IF(BM6="","",TEXT($BM6,"d")) -> 1 | BM6: 45536 | BN6: =IF(BO6="","",IF(各種設定金額!$B$7="","○○県",各種設定金額!$B$7)) -> ○○県 | BO6: ✔ | BP6: ✔ | BQ6: =IF(TRIM(BS6)="","",BR6&BS6&BT6) -> 第 ○○ 3234565 号 | BR6: 第 ○○ | BS6: 3234565 | BT6: 号 | BU6: =IF(CA6="","",TEXT($CA6,"ggg")) -> 令和 | BV6: =IF(CA6="","",TEXT($CA6,"gg")) -> 令 | BW6: =IF(CA6="","",TEXT($CA6,"g")) -> R | BX6: =IF(CA6="","",TEXT($CA6,"e")) -> 7 | BY6: =IF(CA6="","",TEXT($CA6,"m")) -> 10 | BZ6: =IF(CA6="","",TEXT($CA6,"d")) -> 5 | CA6: 45935 | CB6: =IF(COUNT(AY6,BM6,CA6)=0,"",TEXT(DATE(YEAR(MIN(AY6,BM6,CA6))+3,9,14),"g")) -> R | CC6: =IF(COUNT(AY6,BM6,CA6)=0,"",VALUE(TEXT(DATE(YEAR(MIN(AY6,BM6,CA6))+3,9,14),"e"))) -> 9 | CE6: 〇 | CG6: ✔ | CH6: =YEAR(TODAY()) -> 2026 | CI6: =TEXT($CO6,"ggg") -> 令和 | CJ6: =TEXT($CO6,"g") -> R | CK6: =TEXT($CO6,"e") -> 8 | CL6: =MONTH(TODAY()) -> 10 | CM6: =DAY(TODAY()) -> 24 | CN6: パート | CO6: =TODAY() -> 46319
A7: =IF(B7="","",ROW()-ROW(会員表[#Headers])) | C7: {=_xlfn.LET(_xlpm.s,PHONETIC(B7),_xlpm.c,_xlfn.UNICODE(MID(_xlpm.s,_xlfn.SEQUENCE(LEN(_xlpm.s)),1)),IF(_xlpm.s="","",_xlfn.CONCAT(_xlfn.UNICHAR(_xlpm.c-96*(_xlpm.c>=12449)*(_xlpm.c<=12534)))))} | D7: {=_xlfn.LET(_xlpm.s,PHONETIC(B7),_xlpm.c,_xlfn.UNICODE(MID(_xlpm.s,_xlfn.SEQUENCE(LEN(_xlpm.s)),1)),IF(_xlpm.s="","",_xlfn.CONCAT(_xlfn.UNICHAR(_xlpm.c+96*(_xlpm.c>=12353)*(_xlpm.c<=12438)))))} | E7: =IF(N7="","",DATEDIF(N7,TODAY(),"Y")) | F7: =IF(I7="昭","〇","") | G7: =IF(I7="平","〇","") | H7: =IF(I7="令","〇","") | I7: =IF($N7="","",TEXT($N7,"gg")) | J7: =IF($N7="","",TEXT($N7,"ggg")) | K7: =IF($N7="","",TEXT($N7,"e")) | L7: =IF($N7="","",TEXT($N7,"m")) | M7: =IF($N7="","",TEXT($N7,"d")) | P7: =IFERROR(LEFT(O7,FIND("-",O7)-1),"") | Q7: =IFERROR(RIGHT(O7,LEN(O7)-FIND("-",O7)),"") | R7: =IFERROR(LEFT(Q7,FIND("-",Q7)-1),"") | S7: =IFERROR(RIGHT(Q7,LEN(Q7)-FIND("-",Q7)),"") | U7: =IFERROR(LEFT(T7,FIND("-",T7)-1),"") | V7: =IFERROR(RIGHT(T7,LEN(T7)-FIND("-",T7)),"") | W7: =IFERROR(LEFT(V7,FIND("-",V7)-1),"") | X7: =IFERROR(RIGHT(V7,LEN(V7)-FIND("-",V7)),"") | Z7: =IF(Y7="","",LEFT(SUBSTITUTE(ASC(Y7),"-",""),3)) | AA7: - | AB7: =IF(Y7="","",MID(SUBSTITUTE(ASC(Y7),"-",""),4,4)) | AE7: =IF(AK7="","",TEXT($AK7,"ggg")) | AF7: =IF(AK7="","",TEXT($AK7,"gg")) | AG7: =IF(AK7="","",TEXT($AK7,"g")) | AH7: =IF(AK7="","",TEXT($AK7,"e")) | AI7: =IF(AK7="","",TEXT($AK7,"m")) | AJ7: =IF(AK7="","",TEXT($AK7,"d")) | AL7: =IF(AM7="","",IF(各種設定金額!$B$7="","○○県",各種設定金額!$B$7)) | AO7: =IF(TRIM(AQ7)="","",AP7&AQ7&AR7) | AR7: 号 | AS7: =IF(AY7="","",TEXT($AY7,"ggg")) | AT7: =IF(AY7="","",TEXT($AY7,"gg")) | AU7: =IF(AY7="","",TEXT($AY7,"g")) | AV7: =IF(AY7="","",TEXT($AY7,"e")) | AW7: =IF(AY7="","",TEXT($AY7,"m")) | AX7: =IF(AY7="","",TEXT($AY7,"d")) | AZ7: =IF(BA7="","",IF(各種設定金額!$B$7="","○○県",各種設定金額!$B$7)) | BC7: =IF(TRIM(BE7)="","",BD7&BE7&BF7) | BF7: 号 | BG7: =IF(BM7="","",TEXT($BM7,"ggg")) | BH7: =IF(BM7="","",TEXT($BM7,"gg")) | BI7: =IF(BM7="","",TEXT($BM7,"g")) | BJ7: =IF(BM7="","",TEXT($BM7,"e")) | BK7: =IF(BM7="","",TEXT($BM7,"m")) | BL7: =IF(BM7="","",TEXT($BM7,"d")) | BN7: =IF(BO7="","",IF(各種設定金額!$B$7="","○○県",各種設定金額!$B$7)) | BQ7: =IF(TRIM(BS7)="","",BR7&BS7&BT7) | BT7: 号 | BU7: =IF(CA7="","",TEXT($CA7,"ggg")) | BV7: =IF(CA7="","",TEXT($CA7,"gg")) | BW7: =IF(CA7="","",TEXT($CA7,"g")) | BX7: =IF(CA7="","",TEXT($CA7,"e")) | BY7: =IF(CA7="","",TEXT($CA7,"m")) | BZ7: =IF(CA7="","",TEXT($CA7,"d")) | CB7: =IF(COUNT(AY7,BM7,CA7)=0,"",TEXT(DATE(YEAR(MIN(AY7,BM7,CA7))+3,9,14),"g")) | CC7: =IF(COUNT(AY7,BM7,CA7)=0,"",VALUE(TEXT(DATE(YEAR(MIN(AY7,BM7,CA7))+3,9,14),"e"))) | CH7: =YEAR(TODAY()) -> 2026 | CI7: =TEXT($CO7,"ggg") -> 令和 | CJ7: =TEXT($CO7,"g") -> R | CK7: =TEXT($CO7,"e") -> 8 | CL7: =MONTH(TODAY()) -> 10 | CM7: =DAY(TODAY()) -> 24 | CO7: =TODAY() -> 46319
A8: =IF(B8="","",ROW()-ROW(会員表[#Headers])) | C8: {=_xlfn.LET(_xlpm.s,PHONETIC(B8),_xlpm.c,_xlfn.UNICODE(MID(_xlpm.s,_xlfn.SEQUENCE(LEN(_xlpm.s)),1)),IF(_xlpm.s="","",_xlfn.CONCAT(_xlfn.UNICHAR(_xlpm.c-96*(_xlpm.c>=12449)*(_xlpm.c<=12534)))))} | D8: {=_xlfn.LET(_xlpm.s,PHONETIC(B8),_xlpm.c,_xlfn.UNICODE(MID(_xlpm.s,_xlfn.SEQUENCE(LEN(_xlpm.s)),1)),IF(_xlpm.s="","",_xlfn.CONCAT(_xlfn.UNICHAR(_xlpm.c+96*(_xlpm.c>=12353)*(_xlpm.c<=12438)))))} | E8: =IF(N8="","",DATEDIF(N8,TODAY(),"Y")) | F8: =IF(I8="昭","〇","") | G8: =IF(I8="平","〇","") | H8: =IF(I8="令","〇","") | I8: =IF($N8="","",TEXT($N8,"gg")) | J8: =IF($N8="","",TEXT($N8,"ggg")) | K8: =IF($N8="","",TEXT($N8,"e")) | L8: =IF($N8="","",TEXT($N8,"m")) | M8: =IF($N8="","",TEXT($N8,"d")) | P8: =IFERROR(LEFT(O8,FIND("-",O8)-1),"") | Q8: =IFERROR(RIGHT(O8,LEN(O8)-FIND("-",O8)),"") | R8: =IFERROR(LEFT(Q8,FIND("-",Q8)-1),"") | S8: =IFERROR(RIGHT(Q8,LEN(Q8)-FIND("-",Q8)),"") | U8: =IFERROR(LEFT(T8,FIND("-",T8)-1),"") | V8: =IFERROR(RIGHT(T8,LEN(T8)-FIND("-",T8)),"") | W8: =IFERROR(LEFT(V8,FIND("-",V8)-1),"") | X8: =IFERROR(RIGHT(V8,LEN(V8)-FIND("-",V8)),"") | Z8: =IF(Y8="","",LEFT(SUBSTITUTE(ASC(Y8),"-",""),3)) | AA8: - | AB8: =IF(Y8="","",MID(SUBSTITUTE(ASC(Y8),"-",""),4,4)) | AE8: =IF(AK8="","",TEXT($AK8,"ggg")) | AF8: =IF(AK8="","",TEXT($AK8,"gg")) | AG8: =IF(AK8="","",TEXT($AK8,"g")) | AH8: =IF(AK8="","",TEXT($AK8,"e")) | AI8: =IF(AK8="","",TEXT($AK8,"m")) | AJ8: =IF(AK8="","",TEXT($AK8,"d")) | AL8: =IF(AM8="","",IF(各種設定金額!$B$7="","○○県",各種設定金額!$B$7)) | AO8: =IF(TRIM(AQ8)="","",AP8&AQ8&AR8) | AR8: 号 | AS8: =IF(AY8="","",TEXT($AY8,"ggg")) | AT8: =IF(AY8="","",TEXT($AY8,"gg")) | AU8: =IF(AY8="","",TEXT($AY8,"g")) | AV8: =IF(AY8="","",TEXT($AY8,"e")) | AW8: =IF(AY8="","",TEXT($AY8,"m")) | AX8: =IF(AY8="","",TEXT($AY8,"d")) | AZ8: =IF(BA8="","",IF(各種設定金額!$B$7="","○○県",各種設定金額!$B$7)) | BC8: =IF(TRIM(BE8)="","",BD8&BE8&BF8) | BF8: 号 | BG8: =IF(BM8="","",TEXT($BM8,"ggg")) | BH8: =IF(BM8="","",TEXT($BM8,"gg")) | BI8: =IF(BM8="","",TEXT($BM8,"g")) | BJ8: =IF(BM8="","",TEXT($BM8,"e")) | BK8: =IF(BM8="","",TEXT($BM8,"m")) | BL8: =IF(BM8="","",TEXT($BM8,"d")) | BN8: =IF(BO8="","",IF(各種設定金額!$B$7="","○○県",各種設定金額!$B$7)) | BQ8: =IF(TRIM(BS8)="","",BR8&BS8&BT8) | BT8: 号 | BU8: =IF(CA8="","",TEXT($CA8,"ggg")) | BV8: =IF(CA8="","",TEXT($CA8,"gg")) | BW8: =IF(CA8="","",TEXT($CA8,"g")) | BX8: =IF(CA8="","",TEXT($CA8,"e")) | BY8: =IF(CA8="","",TEXT($CA8,"m")) | BZ8: =IF(CA8="","",TEXT($CA8,"d")) | CB8: =IF(COUNT(AY8,BM8,CA8)=0,"",TEXT(DATE(YEAR(MIN(AY8,BM8,CA8))+3,9,14),"g")) | CC8: =IF(COUNT(AY8,BM8,CA8)=0,"",VALUE(TEXT(DATE(YEAR(MIN(AY8,BM8,CA8))+3,9,14),"e"))) | CH8: =YEAR(TODAY()) -> 2026 | CI8: =TEXT($CO8,"ggg") -> 令和 | CJ8: =TEXT($CO8,"g") -> R | CK8: =TEXT($CO8,"e") -> 8 | CL8: =MONTH(TODAY()) -> 10 | CM8: =DAY(TODAY()) -> 24 | CO8: =TODAY() -> 46319
A9: =IF(B9="","",ROW()-ROW(会員表[#Headers])) | C9: {=_xlfn.LET(_xlpm.s,PHONETIC(B9),_xlpm.c,_xlfn.UNICODE(MID(_xlpm.s,_xlfn.SEQUENCE(LEN(_xlpm.s)),1)),IF(_xlpm.s="","",_xlfn.CONCAT(_xlfn.UNICHAR(_xlpm.c-96*(_xlpm.c>=12449)*(_xlpm.c<=12534)))))} | D9: {=_xlfn.LET(_xlpm.s,PHONETIC(B9),_xlpm.c,_xlfn.UNICODE(MID(_xlpm.s,_xlfn.SEQUENCE(LEN(_xlpm.s)),1)),IF(_xlpm.s="","",_xlfn.CONCAT(_xlfn.UNICHAR(_xlpm.c+96*(_xlpm.c>=12353)*(_xlpm.c<=12438)))))} | E9: =IF(N9="","",DATEDIF(N9,TODAY(),"Y")) | F9: =IF(I9="昭","〇","") | G9: =IF(I9="平","〇","") | H9: =IF(I9="令","〇","") | I9: =IF($N9="","",TEXT($N9,"gg")) | J9: =IF($N9="","",TEXT($N9,"ggg")) | K9: =IF($N9="","",TEXT($N9,"e")) | L9: =IF($N9="","",TEXT($N9,"m")) | M9: =IF($N9="","",TEXT($N9,"d")) | P9: =IFERROR(LEFT(O9,FIND("-",O9)-1),"") | Q9: =IFERROR(RIGHT(O9,LEN(O9)-FIND("-",O9)),"") | R9: =IFERROR(LEFT(Q9,FIND("-",Q9)-1),"") | S9: =IFERROR(RIGHT(Q9,LEN(Q9)-FIND("-",Q9)),"") | U9: =IFERROR(LEFT(T9,FIND("-",T9)-1),"") | V9: =IFERROR(RIGHT(T9,LEN(T9)-FIND("-",T9)),"") | W9: =IFERROR(LEFT(V9,FIND("-",V9)-1),"") | X9: =IFERROR(RIGHT(V9,LEN(V9)-FIND("-",V9)),"") | Z9: =IF(Y9="","",LEFT(SUBSTITUTE(ASC(Y9),"-",""),3)) | AA9: - | AB9: =IF(Y9="","",MID(SUBSTITUTE(ASC(Y9),"-",""),4,4)) | AE9: =IF(AK9="","",TEXT($AK9,"ggg")) | AF9: =IF(AK9="","",TEXT($AK9,"gg")) | AG9: =IF(AK9="","",TEXT($AK9,"g")) | AH9: =IF(AK9="","",TEXT($AK9,"e")) | AI9: =IF(AK9="","",TEXT($AK9,"m")) | AJ9: =IF(AK9="","",TEXT($AK9,"d")) | AL9: =IF(AM9="","",IF(各種設定金額!$B$7="","○○県",各種設定金額!$B$7)) | AO9: =IF(TRIM(AQ9)="","",AP9&AQ9&AR9) | AR9: 号 | AS9: =IF(AY9="","",TEXT($AY9,"ggg")) | AT9: =IF(AY9="","",TEXT($AY9,"gg")) | AU9: =IF(AY9="","",TEXT($AY9,"g")) | AV9: =IF(AY9="","",TEXT($AY9,"e")) | AW9: =IF(AY9="","",TEXT($AY9,"m")) | AX9: =IF(AY9="","",TEXT($AY9,"d")) | AZ9: =IF(BA9="","",IF(各種設定金額!$B$7="","○○県",各種設定金額!$B$7)) | BC9: =IF(TRIM(BE9)="","",BD9&BE9&BF9) | BF9: 号 | BG9: =IF(BM9="","",TEXT($BM9,"ggg")) | BH9: =IF(BM9="","",TEXT($BM9,"gg")) | BI9: =IF(BM9="","",TEXT($BM9,"g")) | BJ9: =IF(BM9="","",TEXT($BM9,"e")) | BK9: =IF(BM9="","",TEXT($BM9,"m")) | BL9: =IF(BM9="","",TEXT($BM9,"d")) | BN9: =IF(BO9="","",IF(各種設定金額!$B$7="","○○県",各種設定金額!$B$7)) | BQ9: =IF(TRIM(BS9)="","",BR9&BS9&BT9) | BT9: 号 | BU9: =IF(CA9="","",TEXT($CA9,"ggg")) | BV9: =IF(CA9="","",TEXT($CA9,"gg")) | BW9: =IF(CA9="","",TEXT($CA9,"g")) | BX9: =IF(CA9="","",TEXT($CA9,"e")) | BY9: =IF(CA9="","",TEXT($CA9,"m")) | BZ9: =IF(CA9="","",TEXT($CA9,"d")) | CB9: =IF(COUNT(AY9,BM9,CA9)=0,"",TEXT(DATE(YEAR(MIN(AY9,BM9,CA9))+3,9,14),"g")) | CC9: =IF(COUNT(AY9,BM9,CA9)=0,"",VALUE(TEXT(DATE(YEAR(MIN(AY9,BM9,CA9))+3,9,14),"e"))) | CH9: =YEAR(TODAY()) -> 2026 | CI9: =TEXT($CO9,"ggg") -> 令和 | CJ9: =TEXT($CO9,"g") -> R | CK9: =TEXT($CO9,"e") -> 8 | CL9: =MONTH(TODAY()) -> 10 | CM9: =DAY(TODAY()) -> 24 | CO9: =TODAY() -> 46319
A10: =IF(B10="","",ROW()-ROW(会員表[#Headers])) | C10: {=_xlfn.LET(_xlpm.s,PHONETIC(B10),_xlpm.c,_xlfn.UNICODE(MID(_xlpm.s,_xlfn.SEQUENCE(LEN(_xlpm.s)),1)),IF(_xlpm.s="","",_xlfn.CONCAT(_xlfn.UNICHAR(_xlpm.c-96*(_xlpm.c>=12449)*(_xlpm.c<=12534)))))} | D10: {=_xlfn.LET(_xlpm.s,PHONETIC(B10),_xlpm.c,_xlfn.UNICODE(MID(_xlpm.s,_xlfn.SEQUENCE(LEN(_xlpm.s)),1)),IF(_xlpm.s="","",_xlfn.CONCAT(_xlfn.UNICHAR(_xlpm.c+96*(_xlpm.c>=12353)*(_xlpm.c<=12438)))))} | E10: =IF(N10="","",DATEDIF(N10,TODAY(),"Y")) | F10: =IF(I10="昭","〇","") | G10: =IF(I10="平","〇","") | H10: =IF(I10="令","〇","") | I10: =IF($N10="","",TEXT($N10,"gg")) | J10: =IF($N10="","",TEXT($N10,"ggg")) | K10: =IF($N10="","",TEXT($N10,"e")) | L10: =IF($N10="","",TEXT($N10,"m")) | M10: =IF($N10="","",TEXT($N10,"d")) | P10: =IFERROR(LEFT(O10,FIND("-",O10)-1),"") | Q10: =IFERROR(RIGHT(O10,LEN(O10)-FIND("-",O10)),"") | R10: =IFERROR(LEFT(Q10,FIND("-",Q10)-1),"") | S10: =IFERROR(RIGHT(Q10,LEN(Q10)-FIND("-",Q10)),"") | U10: =IFERROR(LEFT(T10,FIND("-",T10)-1),"") | V10: =IFERROR(RIGHT(T10,LEN(T10)-FIND("-",T10)),"") | W10: =IFERROR(LEFT(V10,FIND("-",V10)-1),"") | X10: =IFERROR(RIGHT(V10,LEN(V10)-FIND("-",V10)),"") | Z10: =IF(Y10="","",LEFT(SUBSTITUTE(ASC(Y10),"-",""),3)) | AA10: - | AB10: =IF(Y10="","",MID(SUBSTITUTE(ASC(Y10),"-",""),4,4)) | AE10: =IF(AK10="","",TEXT($AK10,"ggg")) | AF10: =IF(AK10="","",TEXT($AK10,"gg")) | AG10: =IF(AK10="","",TEXT($AK10,"g")) | AH10: =IF(AK10="","",TEXT($AK10,"e")) | AI10: =IF(AK10="","",TEXT($AK10,"m")) | AJ10: =IF(AK10="","",TEXT($AK10,"d")) | AL10: =IF(AM10="","",IF(各種設定金額!$B$7="","○○県",各種設定金額!$B$7)) | AO10: =IF(TRIM(AQ10)="","",AP10&AQ10&AR10) | AR10: 号 | AS10: =IF(AY10="","",TEXT($AY10,"ggg")) | AT10: =IF(AY10="","",TEXT($AY10,"gg")) | AU10: =IF(AY10="","",TEXT($AY10,"g")) | AV10: =IF(AY10="","",TEXT($AY10,"e")) | AW10: =IF(AY10="","",TEXT($AY10,"m")) | AX10: =IF(AY10="","",TEXT($AY10,"d")) | AZ10: =IF(BA10="","",IF(各種設定金額!$B$7="","○○県",各種設定金額!$B$7)) | BC10: =IF(TRIM(BE10)="","",BD10&BE10&BF10) | BF10: 号 | BG10: =IF(BM10="","",TEXT($BM10,"ggg")) | BH10: =IF(BM10="","",TEXT($BM10,"gg")) | BI10: =IF(BM10="","",TEXT($BM10,"g")) | BJ10: =IF(BM10="","",TEXT($BM10,"e")) | BK10: =IF(BM10="","",TEXT($BM10,"m")) | BL10: =IF(BM10="","",TEXT($BM10,"d")) | BN10: =IF(BO10="","",IF(各種設定金額!$B$7="","○○県",各種設定金額!$B$7)) | BQ10: =IF(TRIM(BS10)="","",BR10&BS10&BT10) | BT10: 号 | BU10: =IF(CA10="","",TEXT($CA10,"ggg")) | BV10: =IF(CA10="","",TEXT($CA10,"gg")) | BW10: =IF(CA10="","",TEXT($CA10,"g")) | BX10: =IF(CA10="","",TEXT($CA10,"e")) | BY10: =IF(CA10="","",TEXT($CA10,"m")) | BZ10: =IF(CA10="","",TEXT($CA10,"d")) | CB10: =IF(COUNT(AY10,BM10,CA10)=0,"",TEXT(DATE(YEAR(MIN(AY10,BM10,CA10))+3,9,14),"g")) | CC10: =IF(COUNT(AY10,BM10,CA10)=0,"",VALUE(TEXT(DATE(YEAR(MIN(AY10,BM10,CA10))+3,9,14),"e"))) | CH10: =YEAR(TODAY()) -> 2026 | CI10: =TEXT($CO10,"ggg") -> 令和 | CJ10: =TEXT($CO10,"g") -> R | CK10: =TEXT($CO10,"e") -> 8 | CL10: =MONTH(TODAY()) -> 10 | CM10: =DAY(TODAY()) -> 24 | CO10: =TODAY() -> 46319
A11: =IF(B11="","",ROW()-ROW(会員表[#Headers])) | C11: {=_xlfn.LET(_xlpm.s,PHONETIC(B11),_xlpm.c,_xlfn.UNICODE(MID(_xlpm.s,_xlfn.SEQUENCE(LEN(_xlpm.s)),1)),IF(_xlpm.s="","",_xlfn.CONCAT(_xlfn.UNICHAR(_xlpm.c-96*(_xlpm.c>=12449)*(_xlpm.c<=12534)))))} | D11: {=_xlfn.LET(_xlpm.s,PHONETIC(B11),_xlpm.c,_xlfn.UNICODE(MID(_xlpm.s,_xlfn.SEQUENCE(LEN(_xlpm.s)),1)),IF(_xlpm.s="","",_xlfn.CONCAT(_xlfn.UNICHAR(_xlpm.c+96*(_xlpm.c>=12353)*(_xlpm.c<=12438)))))} | E11: =IF(N11="","",DATEDIF(N11,TODAY(),"Y")) | F11: =IF(I11="昭","〇","") | G11: =IF(I11="平","〇","") | H11: =IF(I11="令","〇","") | I11: =IF($N11="","",TEXT($N11,"gg")) | J11: =IF($N11="","",TEXT($N11,"ggg")) | K11: =IF($N11="","",TEXT($N11,"e")) | L11: =IF($N11="","",TEXT($N11,"m")) | M11: =IF($N11="","",TEXT($N11,"d")) | P11: =IFERROR(LEFT(O11,FIND("-",O11)-1),"") | Q11: =IFERROR(RIGHT(O11,LEN(O11)-FIND("-",O11)),"") | R11: =IFERROR(LEFT(Q11,FIND("-",Q11)-1),"") | S11: =IFERROR(RIGHT(Q11,LEN(Q11)-FIND("-",Q11)),"") | U11: =IFERROR(LEFT(T11,FIND("-",T11)-1),"") | V11: =IFERROR(RIGHT(T11,LEN(T11)-FIND("-",T11)),"") | W11: =IFERROR(LEFT(V11,FIND("-",V11)-1),"") | X11: =IFERROR(RIGHT(V11,LEN(V11)-FIND("-",V11)),"") | Z11: =IF(Y11="","",LEFT(SUBSTITUTE(ASC(Y11),"-",""),3)) | AA11: - | AB11: =IF(Y11="","",MID(SUBSTITUTE(ASC(Y11),"-",""),4,4)) | AE11: =IF(AK11="","",TEXT($AK11,"ggg")) | AF11: =IF(AK11="","",TEXT($AK11,"gg")) | AG11: =IF(AK11="","",TEXT($AK11,"g")) | AH11: =IF(AK11="","",TEXT($AK11,"e")) | AI11: =IF(AK11="","",TEXT($AK11,"m")) | AJ11: =IF(AK11="","",TEXT($AK11,"d")) | AL11: =IF(AM11="","",IF(各種設定金額!$B$7="","○○県",各種設定金額!$B$7)) | AO11: =IF(TRIM(AQ11)="","",AP11&AQ11&AR11) | AR11: 号 | AS11: =IF(AY11="","",TEXT($AY11,"ggg")) | AT11: =IF(AY11="","",TEXT($AY11,"gg")) | AU11: =IF(AY11="","",TEXT($AY11,"g")) | AV11: =IF(AY11="","",TEXT($AY11,"e")) | AW11: =IF(AY11="","",TEXT($AY11,"m")) | AX11: =IF(AY11="","",TEXT($AY11,"d")) | AZ11: =IF(BA11="","",IF(各種設定金額!$B$7="","○○県",各種設定金額!$B$7)) | BC11: =IF(TRIM(BE11)="","",BD11&BE11&BF11) | BF11: 号 | BG11: =IF(BM11="","",TEXT($BM11,"ggg")) | BH11: =IF(BM11="","",TEXT($BM11,"gg")) | BI11: =IF(BM11="","",TEXT($BM11,"g")) | BJ11: =IF(BM11="","",TEXT($BM11,"e")) | BK11: =IF(BM11="","",TEXT($BM11,"m")) | BL11: =IF(BM11="","",TEXT($BM11,"d")) | BN11: =IF(BO11="","",IF(各種設定金額!$B$7="","○○県",各種設定金額!$B$7)) | BQ11: =IF(TRIM(BS11)="","",BR11&BS11&BT11) | BT11: 号 | BU11: =IF(CA11="","",TEXT($CA11,"ggg")) | BV11: =IF(CA11="","",TEXT($CA11,"gg")) | BW11: =IF(CA11="","",TEXT($CA11,"g")) | BX11: =IF(CA11="","",TEXT($CA11,"e")) | BY11: =IF(CA11="","",TEXT($CA11,"m")) | BZ11: =IF(CA11="","",TEXT($CA11,"d")) | CB11: =IF(COUNT(AY11,BM11,CA11)=0,"",TEXT(DATE(YEAR(MIN(AY11,BM11,CA11))+3,9,14),"g")) | CC11: =IF(COUNT(AY11,BM11,CA11)=0,"",VALUE(TEXT(DATE(YEAR(MIN(AY11,BM11,CA11))+3,9,14),"e"))) | CH11: =YEAR(TODAY()) -> 2026 | CI11: =TEXT($CO11,"ggg") -> 令和 | CJ11: =TEXT($CO11,"g") -> R | CK11: =TEXT($CO11,"e") -> 8 | CL11: =MONTH(TODAY()) -> 10 | CM11: =DAY(TODAY()) -> 24 | CO11: =TODAY() -> 46319
A12: =IF(B12="","",ROW()-ROW(会員表[#Headers])) | C12: {=_xlfn.LET(_xlpm.s,PHONETIC(B12),_xlpm.c,_xlfn.UNICODE(MID(_xlpm.s,_xlfn.SEQUENCE(LEN(_xlpm.s)),1)),IF(_xlpm.s="","",_xlfn.CONCAT(_xlfn.UNICHAR(_xlpm.c-96*(_xlpm.c>=12449)*(_xlpm.c<=12534)))))} | D12: {=_xlfn.LET(_xlpm.s,PHONETIC(B12),_xlpm.c,_xlfn.UNICODE(MID(_xlpm.s,_xlfn.SEQUENCE(LEN(_xlpm.s)),1)),IF(_xlpm.s="","",_xlfn.CONCAT(_xlfn.UNICHAR(_xlpm.c+96*(_xlpm.c>=12353)*(_xlpm.c<=12438)))))} | E12: =IF(N12="","",DATEDIF(N12,TODAY(),"Y")) | F12: =IF(I12="昭","〇","") | G12: =IF(I12="平","〇","") | H12: =IF(I12="令","〇","") | I12: =IF($N12="","",TEXT($N12,"gg")) | J12: =IF($N12="","",TEXT($N12,"ggg")) | K12: =IF($N12="","",TEXT($N12,"e")) | L12: =IF($N12="","",TEXT($N12,"m")) | M12: =IF($N12="","",TEXT($N12,"d")) | P12: =IFERROR(LEFT(O12,FIND("-",O12)-1),"") | Q12: =IFERROR(RIGHT(O12,LEN(O12)-FIND("-",O12)),"") | R12: =IFERROR(LEFT(Q12,FIND("-",Q12)-1),"") | S12: =IFERROR(RIGHT(Q12,LEN(Q12)-FIND("-",Q12)),"") | U12: =IFERROR(LEFT(T12,FIND("-",T12)-1),"") | V12: =IFERROR(RIGHT(T12,LEN(T12)-FIND("-",T12)),"") | W12: =IFERROR(LEFT(V12,FIND("-",V12)-1),"") | X12: =IFERROR(RIGHT(V12,LEN(V12)-FIND("-",V12)),"") | Z12: =IF(Y12="","",LEFT(SUBSTITUTE(ASC(Y12),"-",""),3)) | AA12: - | AB12: =IF(Y12="","",MID(SUBSTITUTE(ASC(Y12),"-",""),4,4)) | AE12: =IF(AK12="","",TEXT($AK12,"ggg")) | AF12: =IF(AK12="","",TEXT($AK12,"gg")) | AG12: =IF(AK12="","",TEXT($AK12,"g")) | AH12: =IF(AK12="","",TEXT($AK12,"e")) | AI12: =IF(AK12="","",TEXT($AK12,"m")) | AJ12: =IF(AK12="","",TEXT($AK12,"d")) | AL12: =IF(AM12="","",IF(各種設定金額!$B$7="","○○県",各種設定金額!$B$7)) | AO12: =IF(TRIM(AQ12)="","",AP12&AQ12&AR12) | AR12: 号 | AS12: =IF(AY12="","",TEXT($AY12,"ggg")) | AT12: =IF(AY12="","",TEXT($AY12,"gg")) | AU12: =IF(AY12="","",TEXT($AY12,"g")) | AV12: =IF(AY12="","",TEXT($AY12,"e")) | AW12: =IF(AY12="","",TEXT($AY12,"m")) | AX12: =IF(AY12="","",TEXT($AY12,"d")) | AZ12: =IF(BA12="","",IF(各種設定金額!$B$7="","○○県",各種設定金額!$B$7)) | BC12: =IF(TRIM(BE12)="","",BD12&BE12&BF12) | BF12: 号 | BG12: =IF(BM12="","",TEXT($BM12,"ggg")) | BH12: =IF(BM12="","",TEXT($BM12,"gg")) | BI12: =IF(BM12="","",TEXT($BM12,"g")) | BJ12: =IF(BM12="","",TEXT($BM12,"e")) | BK12: =IF(BM12="","",TEXT($BM12,"m")) | BL12: =IF(BM12="","",TEXT($BM12,"d")) | BN12: =IF(BO12="","",IF(各種設定金額!$B$7="","○○県",各種設定金額!$B$7)) | BQ12: =IF(TRIM(BS12)="","",BR12&BS12&BT12) | BT12: 号 | BU12: =IF(CA12="","",TEXT($CA12,"ggg")) | BV12: =IF(CA12="","",TEXT($CA12,"gg")) | BW12: =IF(CA12="","",TEXT($CA12,"g")) | BX12: =IF(CA12="","",TEXT($CA12,"e")) | BY12: =IF(CA12="","",TEXT($CA12,"m")) | BZ12: =IF(CA12="","",TEXT($CA12,"d")) | CB12: =IF(COUNT(AY12,BM12,CA12)=0,"",TEXT(DATE(YEAR(MIN(AY12,BM12,CA12))+3,9,14),"g")) | CC12: =IF(COUNT(AY12,BM12,CA12)=0,"",VALUE(TEXT(DATE(YEAR(MIN(AY12,BM12,CA12))+3,9,14),"e"))) | CH12: =YEAR(TODAY()) -> 2026 | CI12: =TEXT($CO12,"ggg") -> 令和 | CJ12: =TEXT($CO12,"g") -> R | CK12: =TEXT($CO12,"e") -> 8 | CL12: =MONTH(TODAY()) -> 10 | CM12: =DAY(TODAY()) -> 24 | CO12: =TODAY() -> 46319
A13: =IF(B13="","",ROW()-ROW(会員表[#Headers])) | C13: {=_xlfn.LET(_xlpm.s,PHONETIC(B13),_xlpm.c,_xlfn.UNICODE(MID(_xlpm.s,_xlfn.SEQUENCE(LEN(_xlpm.s)),1)),IF(_xlpm.s="","",_xlfn.CONCAT(_xlfn.UNICHAR(_xlpm.c-96*(_xlpm.c>=12449)*(_xlpm.c<=12534)))))} | D13: {=_xlfn.LET(_xlpm.s,PHONETIC(B13),_xlpm.c,_xlfn.UNICODE(MID(_xlpm.s,_xlfn.SEQUENCE(LEN(_xlpm.s)),1)),IF(_xlpm.s="","",_xlfn.CONCAT(_xlfn.UNICHAR(_xlpm.c+96*(_xlpm.c>=12353)*(_xlpm.c<=12438)))))} | E13: =IF(N13="","",DATEDIF(N13,TODAY(),"Y")) | F13: =IF(I13="昭","〇","") | G13: =IF(I13="平","〇","") | H13: =IF(I13="令","〇","") | I13: =IF($N13="","",TEXT($N13,"gg")) | J13: =IF($N13="","",TEXT($N13,"ggg")) | K13: =IF($N13="","",TEXT($N13,"e")) | L13: =IF($N13="","",TEXT($N13,"m")) | M13: =IF($N13="","",TEXT($N13,"d")) | P13: =IFERROR(LEFT(O13,FIND("-",O13)-1),"") | Q13: =IFERROR(RIGHT(O13,LEN(O13)-FIND("-",O13)),"") | R13: =IFERROR(LEFT(Q13,FIND("-",Q13)-1),"") | S13: =IFERROR(RIGHT(Q13,LEN(Q13)-FIND("-",Q13)),"") | U13: =IFERROR(LEFT(T13,FIND("-",T13)-1),"") | V13: =IFERROR(RIGHT(T13,LEN(T13)-FIND("-",T13)),"") | W13: =IFERROR(LEFT(V13,FIND("-",V13)-1),"") | X13: =IFERROR(RIGHT(V13,LEN(V13)-FIND("-",V13)),"") | Z13: =IF(Y13="","",LEFT(SUBSTITUTE(ASC(Y13),"-",""),3)) | AA13: - | AB13: =IF(Y13="","",MID(SUBSTITUTE(ASC(Y13),"-",""),4,4)) | AE13: =IF(AK13="","",TEXT($AK13,"ggg")) | AF13: =IF(AK13="","",TEXT($AK13,"gg")) | AG13: =IF(AK13="","",TEXT($AK13,"g")) | AH13: =IF(AK13="","",TEXT($AK13,"e")) | AI13: =IF(AK13="","",TEXT($AK13,"m")) | AJ13: =IF(AK13="","",TEXT($AK13,"d")) | AL13: =IF(AM13="","",IF(各種設定金額!$B$7="","○○県",各種設定金額!$B$7)) | AO13: =IF(TRIM(AQ13)="","",AP13&AQ13&AR13) | AR13: 号 | AS13: =IF(AY13="","",TEXT($AY13,"ggg")) | AT13: =IF(AY13="","",TEXT($AY13,"gg")) | AU13: =IF(AY13="","",TEXT($AY13,"g")) | AV13: =IF(AY13="","",TEXT($AY13,"e")) | AW13: =IF(AY13="","",TEXT($AY13,"m")) | AX13: =IF(AY13="","",TEXT($AY13,"d")) | AZ13: =IF(BA13="","",IF(各種設定金額!$B$7="","○○県",各種設定金額!$B$7)) | BC13: =IF(TRIM(BE13)="","",BD13&BE13&BF13) | BF13: 号 | BG13: =IF(BM13="","",TEXT($BM13,"ggg")) | BH13: =IF(BM13="","",TEXT($BM13,"gg")) | BI13: =IF(BM13="","",TEXT($BM13,"g")) | BJ13: =IF(BM13="","",TEXT($BM13,"e")) | BK13: =IF(BM13="","",TEXT($BM13,"m")) | BL13: =IF(BM13="","",TEXT($BM13,"d")) | BN13: =IF(BO13="","",IF(各種設定金額!$B$7="","○○県",各種設定金額!$B$7)) | BQ13: =IF(TRIM(BS13)="","",BR13&BS13&BT13) | BT13: 号 | BU13: =IF(CA13="","",TEXT($CA13,"ggg")) | BV13: =IF(CA13="","",TEXT($CA13,"gg")) | BW13: =IF(CA13="","",TEXT($CA13,"g")) | BX13: =IF(CA13="","",TEXT($CA13,"e")) | BY13: =IF(CA13="","",TEXT($CA13,"m")) | BZ13: =IF(CA13="","",TEXT($CA13,"d")) | CB13: =IF(COUNT(AY13,BM13,CA13)=0,"",TEXT(DATE(YEAR(MIN(AY13,BM13,CA13))+3,9,14),"g")) | CC13: =IF(COUNT(AY13,BM13,CA13)=0,"",VALUE(TEXT(DATE(YEAR(MIN(AY13,BM13,CA13))+3,9,14),"e"))) | CH13: =YEAR(TODAY()) -> 2026 | CI13: =TEXT($CO13,"ggg") -> 令和 | CJ13: =TEXT($CO13,"g") -> R | CK13: =TEXT($CO13,"e") -> 8 | CL13: =MONTH(TODAY()) -> 10 | CM13: =DAY(TODAY()) -> 24 | CO13: =TODAY() -> 46319
A14: =IF(B14="","",ROW()-ROW(会員表[#Headers])) | C14: {=_xlfn.LET(_xlpm.s,PHONETIC(B14),_xlpm.c,_xlfn.UNICODE(MID(_xlpm.s,_xlfn.SEQUENCE(LEN(_xlpm.s)),1)),IF(_xlpm.s="","",_xlfn.CONCAT(_xlfn.UNICHAR(_xlpm.c-96*(_xlpm.c>=12449)*(_xlpm.c<=12534)))))} | D14: {=_xlfn.LET(_xlpm.s,PHONETIC(B14),_xlpm.c,_xlfn.UNICODE(MID(_xlpm.s,_xlfn.SEQUENCE(LEN(_xlpm.s)),1)),IF(_xlpm.s="","",_xlfn.CONCAT(_xlfn.UNICHAR(_xlpm.c+96*(_xlpm.c>=12353)*(_xlpm.c<=12438)))))} | E14: =IF(N14="","",DATEDIF(N14,TODAY(),"Y")) | F14: =IF(I14="昭","〇","") | G14: =IF(I14="平","〇","") | H14: =IF(I14="令","〇","") | I14: =IF($N14="","",TEXT($N14,"gg")) | J14: =IF($N14="","",TEXT($N14,"ggg")) | K14: =IF($N14="","",TEXT($N14,"e")) | L14: =IF($N14="","",TEXT($N14,"m")) | M14: =IF($N14="","",TEXT($N14,"d")) | P14: =IFERROR(LEFT(O14,FIND("-",O14)-1),"") | Q14: =IFERROR(RIGHT(O14,LEN(O14)-FIND("-",O14)),"") | R14: =IFERROR(LEFT(Q14,FIND("-",Q14)-1),"") | S14: =IFERROR(RIGHT(Q14,LEN(Q14)-FIND("-",Q14)),"") | U14: =IFERROR(LEFT(T14,FIND("-",T14)-1),"") | V14: =IFERROR(RIGHT(T14,LEN(T14)-FIND("-",T14)),"") | W14: =IFERROR(LEFT(V14,FIND("-",V14)-1),"") | X14: =IFERROR(RIGHT(V14,LEN(V14)-FIND("-",V14)),"") | Z14: =IF(Y14="","",LEFT(SUBSTITUTE(ASC(Y14),"-",""),3)) | AA14: - | AB14: =IF(Y14="","",MID(SUBSTITUTE(ASC(Y14),"-",""),4,4)) | AE14: =IF(AK14="","",TEXT($AK14,"ggg")) | AF14: =IF(AK14="","",TEXT($AK14,"gg")) | AG14: =IF(AK14="","",TEXT($AK14,"g")) | AH14: =IF(AK14="","",TEXT($AK14,"e")) | AI14: =IF(AK14="","",TEXT($AK14,"m")) | AJ14: =IF(AK14="","",TEXT($AK14,"d")) | AL14: =IF(AM14="","",IF(各種設定金額!$B$7="","○○県",各種設定金額!$B$7)) | AO14: =IF(TRIM(AQ14)="","",AP14&AQ14&AR14) | AR14: 号 | AS14: =IF(AY14="","",TEXT($AY14,"ggg")) | AT14: =IF(AY14="","",TEXT($AY14,"gg")) | AU14: =IF(AY14="","",TEXT($AY14,"g")) | AV14: =IF(AY14="","",TEXT($AY14,"e")) | AW14: =IF(AY14="","",TEXT($AY14,"m")) | AX14: =IF(AY14="","",TEXT($AY14,"d")) | AZ14: =IF(BA14="","",IF(各種設定金額!$B$7="","○○県",各種設定金額!$B$7)) | BC14: =IF(TRIM(BE14)="","",BD14&BE14&BF14) | BF14: 号 | BG14: =IF(BM14="","",TEXT($BM14,"ggg")) | BH14: =IF(BM14="","",TEXT($BM14,"gg")) | BI14: =IF(BM14="","",TEXT($BM14,"g")) | BJ14: =IF(BM14="","",TEXT($BM14,"e")) | BK14: =IF(BM14="","",TEXT($BM14,"m")) | BL14: =IF(BM14="","",TEXT($BM14,"d")) | BN14: =IF(BO14="","",IF(各種設定金額!$B$7="","○○県",各種設定金額!$B$7)) | BQ14: =IF(TRIM(BS14)="","",BR14&BS14&BT14) | BT14: 号 | BU14: =IF(CA14="","",TEXT($CA14,"ggg")) | BV14: =IF(CA14="","",TEXT($CA14,"gg")) | BW14: =IF(CA14="","",TEXT($CA14,"g")) | BX14: =IF(CA14="","",TEXT($CA14,"e")) | BY14: =IF(CA14="","",TEXT($CA14,"m")) | BZ14: =IF(CA14="","",TEXT($CA14,"d")) | CB14: =IF(COUNT(AY14,BM14,CA14)=0,"",TEXT(DATE(YEAR(MIN(AY14,BM14,CA14))+3,9,14),"g")) | CC14: =IF(COUNT(AY14,BM14,CA14)=0,"",VALUE(TEXT(DATE(YEAR(MIN(AY14,BM14,CA14))+3,9,14),"e"))) | CH14: =YEAR(TODAY()) -> 2026 | CI14: =TEXT($CO14,"ggg") -> 令和 | CJ14: =TEXT($CO14,"g") -> R | CK14: =TEXT($CO14,"e") -> 8 | CL14: =MONTH(TODAY()) -> 10 | CM14: =DAY(TODAY()) -> 24 | CO14: =TODAY() -> 46319
A15: =IF(B15="","",ROW()-ROW(会員表[#Headers])) | C15: {=_xlfn.LET(_xlpm.s,PHONETIC(B15),_xlpm.c,_xlfn.UNICODE(MID(_xlpm.s,_xlfn.SEQUENCE(LEN(_xlpm.s)),1)),IF(_xlpm.s="","",_xlfn.CONCAT(_xlfn.UNICHAR(_xlpm.c-96*(_xlpm.c>=12449)*(_xlpm.c<=12534)))))} | D15: {=_xlfn.LET(_xlpm.s,PHONETIC(B15),_xlpm.c,_xlfn.UNICODE(MID(_xlpm.s,_xlfn.SEQUENCE(LEN(_xlpm.s)),1)),IF(_xlpm.s="","",_xlfn.CONCAT(_xlfn.UNICHAR(_xlpm.c+96*(_xlpm.c>=12353)*(_xlpm.c<=12438)))))} | E15: =IF(N15="","",DATEDIF(N15,TODAY(),"Y")) | F15: =IF(I15="昭","〇","") | G15: =IF(I15="平","〇","") | H15: =IF(I15="令","〇","") | I15: =IF($N15="","",TEXT($N15,"gg")) | J15: =IF($N15="","",TEXT($N15,"ggg")) | K15: =IF($N15="","",TEXT($N15,"e")) | L15: =IF($N15="","",TEXT($N15,"m")) | M15: =IF($N15="","",TEXT($N15,"d")) | P15: =IFERROR(LEFT(O15,FIND("-",O15)-1),"") | Q15: =IFERROR(RIGHT(O15,LEN(O15)-FIND("-",O15)),"") | R15: =IFERROR(LEFT(Q15,FIND("-",Q15)-1),"") | S15: =IFERROR(RIGHT(Q15,LEN(Q15)-FIND("-",Q15)),"") | U15: =IFERROR(LEFT(T15,FIND("-",T15)-1),"") | V15: =IFERROR(RIGHT(T15,LEN(T15)-FIND("-",T15)),"") | W15: =IFERROR(LEFT(V15,FIND("-",V15)-1),"") | X15: =IFERROR(RIGHT(V15,LEN(V15)-FIND("-",V15)),"") | Z15: =IF(Y15="","",LEFT(SUBSTITUTE(ASC(Y15),"-",""),3)) | AA15: - | AB15: =IF(Y15="","",MID(SUBSTITUTE(ASC(Y15),"-",""),4,4)) | AE15: =IF(AK15="","",TEXT($AK15,"ggg")) | AF15: =IF(AK15="","",TEXT($AK15,"gg")) | AG15: =IF(AK15="","",TEXT($AK15,"g")) | AH15: =IF(AK15="","",TEXT($AK15,"e")) | AI15: =IF(AK15="","",TEXT($AK15,"m")) | AJ15: =IF(AK15="","",TEXT($AK15,"d")) | AL15: =IF(AM15="","",IF(各種設定金額!$B$7="","○○県",各種設定金額!$B$7)) | AO15: =IF(TRIM(AQ15)="","",AP15&AQ15&AR15) | AR15: 号 | AS15: =IF(AY15="","",TEXT($AY15,"ggg")) | AT15: =IF(AY15="","",TEXT($AY15,"gg")) | AU15: =IF(AY15="","",TEXT($AY15,"g")) | AV15: =IF(AY15="","",TEXT($AY15,"e")) | AW15: =IF(AY15="","",TEXT($AY15,"m")) | AX15: =IF(AY15="","",TEXT($AY15,"d")) | AZ15: =IF(BA15="","",IF(各種設定金額!$B$7="","○○県",各種設定金額!$B$7)) | BC15: =IF(TRIM(BE15)="","",BD15&BE15&BF15) | BF15: 号 | BG15: =IF(BM15="","",TEXT($BM15,"ggg")) | BH15: =IF(BM15="","",TEXT($BM15,"gg")) | BI15: =IF(BM15="","",TEXT($BM15,"g")) | BJ15: =IF(BM15="","",TEXT($BM15,"e")) | BK15: =IF(BM15="","",TEXT($BM15,"m")) | BL15: =IF(BM15="","",TEXT($BM15,"d")) | BN15: =IF(BO15="","",IF(各種設定金額!$B$7="","○○県",各種設定金額!$B$7)) | BQ15: =IF(TRIM(BS15)="","",BR15&BS15&BT15) | BT15: 号 | BU15: =IF(CA15="","",TEXT($CA15,"ggg")) | BV15: =IF(CA15="","",TEXT($CA15,"gg")) | BW15: =IF(CA15="","",TEXT($CA15,"g")) | BX15: =IF(CA15="","",TEXT($CA15,"e")) | BY15: =IF(CA15="","",TEXT($CA15,"m")) | BZ15: =IF(CA15="","",TEXT($CA15,"d")) | CB15: =IF(COUNT(AY15,BM15,CA15)=0,"",TEXT(DATE(YEAR(MIN(AY15,BM15,CA15))+3,9,14),"g")) | CC15: =IF(COUNT(AY15,BM15,CA15)=0,"",VALUE(TEXT(DATE(YEAR(MIN(AY15,BM15,CA15))+3,9,14),"e"))) | CH15: =YEAR(TODAY()) -> 2026 | CI15: =TEXT($CO15,"ggg") -> 令和 | CJ15: =TEXT($CO15,"g") -> R | CK15: =TEXT($CO15,"e") -> 8 | CL15: =MONTH(TODAY()) -> 10 | CM15: =DAY(TODAY()) -> 24 | CO15: =TODAY() -> 46319
A16: =IF(B16="","",ROW()-ROW(会員表[#Headers])) | C16: {=_xlfn.LET(_xlpm.s,PHONETIC(B16),_xlpm.c,_xlfn.UNICODE(MID(_xlpm.s,_xlfn.SEQUENCE(LEN(_xlpm.s)),1)),IF(_xlpm.s="","",_xlfn.CONCAT(_xlfn.UNICHAR(_xlpm.c-96*(_xlpm.c>=12449)*(_xlpm.c<=12534)))))} | D16: {=_xlfn.LET(_xlpm.s,PHONETIC(B16),_xlpm.c,_xlfn.UNICODE(MID(_xlpm.s,_xlfn.SEQUENCE(LEN(_xlpm.s)),1)),IF(_xlpm.s="","",_xlfn.CONCAT(_xlfn.UNICHAR(_xlpm.c+96*(_xlpm.c>=12353)*(_xlpm.c<=12438)))))} | E16: =IF(N16="","",DATEDIF(N16,TODAY(),"Y")) | F16: =IF(I16="昭","〇","") | G16: =IF(I16="平","〇","") | H16: =IF(I16="令","〇","") | I16: =IF($N16="","",TEXT($N16,"gg")) | J16: =IF($N16="","",TEXT($N16,"ggg")) | K16: =IF($N16="","",TEXT($N16,"e")) | L16: =IF($N16="","",TEXT($N16,"m")) | M16: =IF($N16="","",TEXT($N16,"d")) | P16: =IFERROR(LEFT(O16,FIND("-",O16)-1),"") | Q16: =IFERROR(RIGHT(O16,LEN(O16)-FIND("-",O16)),"") | R16: =IFERROR(LEFT(Q16,FIND("-",Q16)-1),"") | S16: =IFERROR(RIGHT(Q16,LEN(Q16)-FIND("-",Q16)),"") | U16: =IFERROR(LEFT(T16,FIND("-",T16)-1),"") | V16: =IFERROR(RIGHT(T16,LEN(T16)-FIND("-",T16)),"") | W16: =IFERROR(LEFT(V16,FIND("-",V16)-1),"") | X16: =IFERROR(RIGHT(V16,LEN(V16)-FIND("-",V16)),"") | Z16: =IF(Y16="","",LEFT(SUBSTITUTE(ASC(Y16),"-",""),3)) | AA16: - | AB16: =IF(Y16="","",MID(SUBSTITUTE(ASC(Y16),"-",""),4,4)) | AE16: =IF(AK16="","",TEXT($AK16,"ggg")) | AF16: =IF(AK16="","",TEXT($AK16,"gg")) | AG16: =IF(AK16="","",TEXT($AK16,"g")) | AH16: =IF(AK16="","",TEXT($AK16,"e")) | AI16: =IF(AK16="","",TEXT($AK16,"m")) | AJ16: =IF(AK16="","",TEXT($AK16,"d")) | AL16: =IF(AM16="","",IF(各種設定金額!$B$7="","○○県",各種設定金額!$B$7)) | AO16: =IF(TRIM(AQ16)="","",AP16&AQ16&AR16) | AR16: 号 | AS16: =IF(AY16="","",TEXT($AY16,"ggg")) | AT16: =IF(AY16="","",TEXT($AY16,"gg")) | AU16: =IF(AY16="","",TEXT($AY16,"g")) | AV16: =IF(AY16="","",TEXT($AY16,"e")) | AW16: =IF(AY16="","",TEXT($AY16,"m")) | AX16: =IF(AY16="","",TEXT($AY16,"d")) | AZ16: =IF(BA16="","",IF(各種設定金額!$B$7="","○○県",各種設定金額!$B$7)) | BC16: =IF(TRIM(BE16)="","",BD16&BE16&BF16) | BF16: 号 | BG16: =IF(BM16="","",TEXT($BM16,"ggg")) | BH16: =IF(BM16="","",TEXT($BM16,"gg")) | BI16: =IF(BM16="","",TEXT($BM16,"g")) | BJ16: =IF(BM16="","",TEXT($BM16,"e")) | BK16: =IF(BM16="","",TEXT($BM16,"m")) | BL16: =IF(BM16="","",TEXT($BM16,"d")) | BN16: =IF(BO16="","",IF(各種設定金額!$B$7="","○○県",各種設定金額!$B$7)) | BQ16: =IF(TRIM(BS16)="","",BR16&BS16&BT16) | BT16: 号 | BU16: =IF(CA16="","",TEXT($CA16,"ggg")) | BV16: =IF(CA16="","",TEXT($CA16,"gg")) | BW16: =IF(CA16="","",TEXT($CA16,"g")) | BX16: =IF(CA16="","",TEXT($CA16,"e")) | BY16: =IF(CA16="","",TEXT($CA16,"m")) | BZ16: =IF(CA16="","",TEXT($CA16,"d")) | CB16: =IF(COUNT(AY16,BM16,CA16)=0,"",TEXT(DATE(YEAR(MIN(AY16,BM16,CA16))+3,9,14),"g")) | CC16: =IF(COUNT(AY16,BM16,CA16)=0,"",VALUE(TEXT(DATE(YEAR(MIN(AY16,BM16,CA16))+3,9,14),"e"))) | CH16: =YEAR(TODAY()) -> 2026 | CI16: =TEXT($CO16,"ggg") -> 令和 | CJ16: =TEXT($CO16,"g") -> R | CK16: =TEXT($CO16,"e") -> 8 | CL16: =MONTH(TODAY()) -> 10 | CM16: =DAY(TODAY()) -> 24 | CO16: =TODAY() -> 46319
A17: =IF(B17="","",ROW()-ROW(会員表[#Headers])) | C17: {=_xlfn.LET(_xlpm.s,PHONETIC(B17),_xlpm.c,_xlfn.UNICODE(MID(_xlpm.s,_xlfn.SEQUENCE(LEN(_xlpm.s)),1)),IF(_xlpm.s="","",_xlfn.CONCAT(_xlfn.UNICHAR(_xlpm.c-96*(_xlpm.c>=12449)*(_xlpm.c<=12534)))))} | D17: {=_xlfn.LET(_xlpm.s,PHONETIC(B17),_xlpm.c,_xlfn.UNICODE(MID(_xlpm.s,_xlfn.SEQUENCE(LEN(_xlpm.s)),1)),IF(_xlpm.s="","",_xlfn.CONCAT(_xlfn.UNICHAR(_xlpm.c+96*(_xlpm.c>=12353)*(_xlpm.c<=12438)))))} | E17: =IF(N17="","",DATEDIF(N17,TODAY(),"Y")) | F17: =IF(I17="昭","〇","") | G17: =IF(I17="平","〇","") | H17: =IF(I17="令","〇","") | I17: =IF($N17="","",TEXT($N17,"gg")) | J17: =IF($N17="","",TEXT($N17,"ggg")) | K17: =IF($N17="","",TEXT($N17,"e")) | L17: =IF($N17="","",TEXT($N17,"m")) | M17: =IF($N17="","",TEXT($N17,"d")) | P17: =IFERROR(LEFT(O17,FIND("-",O17)-1),"") | Q17: =IFERROR(RIGHT(O17,LEN(O17)-FIND("-",O17)),"") | R17: =IFERROR(LEFT(Q17,FIND("-",Q17)-1),"") | S17: =IFERROR(RIGHT(Q17,LEN(Q17)-FIND("-",Q17)),"") | U17: =IFERROR(LEFT(T17,FIND("-",T17)-1),"") | V17: =IFERROR(RIGHT(T17,LEN(T17)-FIND("-",T17)),"") | W17: =IFERROR(LEFT(V17,FIND("-",V17)-1),"") | X17: =IFERROR(RIGHT(V17,LEN(V17)-FIND("-",V17)),"") | Z17: =IF(Y17="","",LEFT(SUBSTITUTE(ASC(Y17),"-",""),3)) | AA17: - | AB17: =IF(Y17="","",MID(SUBSTITUTE(ASC(Y17),"-",""),4,4)) | AE17: =IF(AK17="","",TEXT($AK17,"ggg")) | AF17: =IF(AK17="","",TEXT($AK17,"gg")) | AG17: =IF(AK17="","",TEXT($AK17,"g")) | AH17: =IF(AK17="","",TEXT($AK17,"e")) | AI17: =IF(AK17="","",TEXT($AK17,"m")) | AJ17: =IF(AK17="","",TEXT($AK17,"d")) | AL17: =IF(AM17="","",IF(各種設定金額!$B$7="","○○県",各種設定金額!$B$7)) | AO17: =IF(TRIM(AQ17)="","",AP17&AQ17&AR17) | AR17: 号 | AS17: =IF(AY17="","",TEXT($AY17,"ggg")) | AT17: =IF(AY17="","",TEXT($AY17,"gg")) | AU17: =IF(AY17="","",TEXT($AY17,"g")) | AV17: =IF(AY17="","",TEXT($AY17,"e")) | AW17: =IF(AY17="","",TEXT($AY17,"m")) | AX17: =IF(AY17="","",TEXT($AY17,"d")) | AZ17: =IF(BA17="","",IF(各種設定金額!$B$7="","○○県",各種設定金額!$B$7)) | BC17: =IF(TRIM(BE17)="","",BD17&BE17&BF17) | BF17: 号 | BG17: =IF(BM17="","",TEXT($BM17,"ggg")) | BH17: =IF(BM17="","",TEXT($BM17,"gg")) | BI17: =IF(BM17="","",TEXT($BM17,"g")) | BJ17: =IF(BM17="","",TEXT($BM17,"e")) | BK17: =IF(BM17="","",TEXT($BM17,"m")) | BL17: =IF(BM17="","",TEXT($BM17,"d")) | BN17: =IF(BO17="","",IF(各種設定金額!$B$7="","○○県",各種設定金額!$B$7)) | BQ17: =IF(TRIM(BS17)="","",BR17&BS17&BT17) | BT17: 号 | BU17: =IF(CA17="","",TEXT($CA17,"ggg")) | BV17: =IF(CA17="","",TEXT($CA17,"gg")) | BW17: =IF(CA17="","",TEXT($CA17,"g")) | BX17: =IF(CA17="","",TEXT($CA17,"e")) | BY17: =IF(CA17="","",TEXT($CA17,"m")) | BZ17: =IF(CA17="","",TEXT($CA17,"d")) | CB17: =IF(COUNT(AY17,BM17,CA17)=0,"",TEXT(DATE(YEAR(MIN(AY17,BM17,CA17))+3,9,14),"g")) | CC17: =IF(COUNT(AY17,BM17,CA17)=0,"",VALUE(TEXT(DATE(YEAR(MIN(AY17,BM17,CA17))+3,9,14),"e"))) | CH17: =YEAR(TODAY()) -> 2026 | CI17: =TEXT($CO17,"ggg") -> 令和 | CJ17: =TEXT($CO17,"g") -> R | CK17: =TEXT($CO17,"e") -> 8 | CL17: =MONTH(TODAY()) -> 10 | CM17: =DAY(TODAY()) -> 24 | CO17: =TODAY() -> 46319
A18: =IF(B18="","",ROW()-ROW(会員表[#Headers])) | C18: {=_xlfn.LET(_xlpm.s,PHONETIC(B18),_xlpm.c,_xlfn.UNICODE(MID(_xlpm.s,_xlfn.SEQUENCE(LEN(_xlpm.s)),1)),IF(_xlpm.s="","",_xlfn.CONCAT(_xlfn.UNICHAR(_xlpm.c-96*(_xlpm.c>=12449)*(_xlpm.c<=12534)))))} | D18: {=_xlfn.LET(_xlpm.s,PHONETIC(B18),_xlpm.c,_xlfn.UNICODE(MID(_xlpm.s,_xlfn.SEQUENCE(LEN(_xlpm.s)),1)),IF(_xlpm.s="","",_xlfn.CONCAT(_xlfn.UNICHAR(_xlpm.c+96*(_xlpm.c>=12353)*(_xlpm.c<=12438)))))} | E18: =IF(N18="","",DATEDIF(N18,TODAY(),"Y")) | F18: =IF(I18="昭","〇","") | G18: =IF(I18="平","〇","") | H18: =IF(I18="令","〇","") | I18: =IF($N18="","",TEXT($N18,"gg")) | J18: =IF($N18="","",TEXT($N18,"ggg")) | K18: =IF($N18="","",TEXT($N18,"e")) | L18: =IF($N18="","",TEXT($N18,"m")) | M18: =IF($N18="","",TEXT($N18,"d")) | P18: =IFERROR(LEFT(O18,FIND("-",O18)-1),"") | Q18: =IFERROR(RIGHT(O18,LEN(O18)-FIND("-",O18)),"") | R18: =IFERROR(LEFT(Q18,FIND("-",Q18)-1),"") | S18: =IFERROR(RIGHT(Q18,LEN(Q18)-FIND("-",Q18)),"") | U18: =IFERROR(LEFT(T18,FIND("-",T18)-1),"") | V18: =IFERROR(RIGHT(T18,LEN(T18)-FIND("-",T18)),"") | W18: =IFERROR(LEFT(V18,FIND("-",V18)-1),"") | X18: =IFERROR(RIGHT(V18,LEN(V18)-FIND("-",V18)),"") | Z18: =IF(Y18="","",LEFT(SUBSTITUTE(ASC(Y18),"-",""),3)) | AA18: - | AB18: =IF(Y18="","",MID(SUBSTITUTE(ASC(Y18),"-",""),4,4)) | AE18: =IF(AK18="","",TEXT($AK18,"ggg")) | AF18: =IF(AK18="","",TEXT($AK18,"gg")) | AG18: =IF(AK18="","",TEXT($AK18,"g")) | AH18: =IF(AK18="","",TEXT($AK18,"e")) | AI18: =IF(AK18="","",TEXT($AK18,"m")) | AJ18: =IF(AK18="","",TEXT($AK18,"d")) | AL18: =IF(AM18="","",IF(各種設定金額!$B$7="","○○県",各種設定金額!$B$7)) | AO18: =IF(TRIM(AQ18)="","",AP18&AQ18&AR18) | AR18: 号 | AS18: =IF(AY18="","",TEXT($AY18,"ggg")) | AT18: =IF(AY18="","",TEXT($AY18,"gg")) | AU18: =IF(AY18="","",TEXT($AY18,"g")) | AV18: =IF(AY18="","",TEXT($AY18,"e")) | AW18: =IF(AY18="","",TEXT($AY18,"m")) | AX18: =IF(AY18="","",TEXT($AY18,"d")) | AZ18: =IF(BA18="","",IF(各種設定金額!$B$7="","○○県",各種設定金額!$B$7)) | BC18: =IF(TRIM(BE18)="","",BD18&BE18&BF18) | BF18: 号 | BG18: =IF(BM18="","",TEXT($BM18,"ggg")) | BH18: =IF(BM18="","",TEXT($BM18,"gg")) | BI18: =IF(BM18="","",TEXT($BM18,"g")) | BJ18: =IF(BM18="","",TEXT($BM18,"e")) | BK18: =IF(BM18="","",TEXT($BM18,"m")) | BL18: =IF(BM18="","",TEXT($BM18,"d")) | BN18: =IF(BO18="","",IF(各種設定金額!$B$7="","○○県",各種設定金額!$B$7)) | BQ18: =IF(TRIM(BS18)="","",BR18&BS18&BT18) | BT18: 号 | BU18: =IF(CA18="","",TEXT($CA18,"ggg")) | BV18: =IF(CA18="","",TEXT($CA18,"gg")) | BW18: =IF(CA18="","",TEXT($CA18,"g")) | BX18: =IF(CA18="","",TEXT($CA18,"e")) | BY18: =IF(CA18="","",TEXT($CA18,"m")) | BZ18: =IF(CA18="","",TEXT($CA18,"d")) | CB18: =IF(COUNT(AY18,BM18,CA18)=0,"",TEXT(DATE(YEAR(MIN(AY18,BM18,CA18))+3,9,14),"g")) | CC18: =IF(COUNT(AY18,BM18,CA18)=0,"",VALUE(TEXT(DATE(YEAR(MIN(AY18,BM18,CA18))+3,9,14),"e"))) | CH18: =YEAR(TODAY()) -> 2026 | CI18: =TEXT($CO18,"ggg") -> 令和 | CJ18: =TEXT($CO18,"g") -> R | CK18: =TEXT($CO18,"e") -> 8 | CL18: =MONTH(TODAY()) -> 10 | CM18: =DAY(TODAY()) -> 24 | CO18: =TODAY() -> 46319
... A151: =IF(B151="","",ROW()-ROW(会員表[#Headers])) | C151: {=_xlfn.LET(_xlpm.s,PHONETIC(B151),_xlpm.c,_xlfn.UNICODE(MID(_xlpm.s,_xlfn.SEQUENCE(LEN(_xlpm.s)),1)),IF(_xlpm.s="","",_xlfn.CONCAT(_xlfn.UNICHAR(_xlpm.c-96*(_xlpm.c>=12449)*(_xlpm.c<=12534)))))} | D151: {=_xlfn.LET(_xlpm.s,PHONETIC(B151),_xlpm.c,_xlfn.UNICODE(MID(_xlpm.s,_xlfn.SEQUENCE(LEN(_xlpm.s)),1)),IF(_xlpm.s="","",_xlfn.CONCAT(_xlfn.UNICHAR(_xlpm.c+96*(_xlpm.c>=12353)*(_xlpm.c<=12438)))))} | E151: =IF(N151="","",DATEDIF(N151,TODAY(),"Y")) | F151: =IF(I151="昭","〇","") | G151: =IF(I151="平","〇","") | H151: =IF(I151="令","〇","") | I151: =IF($N151="","",TEXT($N151,"gg")) | J151: =IF($N151="","",TEXT($N151,"ggg")) | K151: =IF($N151="","",TEXT($N151,"e")) | L151: =IF($N151="","",TEXT($N151,"m")) | M151: =IF($N151="","",TEXT($N151,"d")) | P151: =IFERROR(LEFT(O151,FIND("-",O151)-1),"") | Q151: =IFERROR(RIGHT(O151,LEN(O151)-FIND("-",O151)),"") | R151: =IFERROR(LEFT(Q151,FIND("-",Q151)-1),"") | S151: =IFERROR(RIGHT(Q151,LEN(Q151)-FIND("-",Q151)),"") | U151: =IFERROR(LEFT(T151,FIND("-",T151)-1),"") | V151: =IFERROR(RIGHT(T151,LEN(T151)-FIND("-",T151)),"") | W151: =IFERROR(LEFT(V151,FIND("-",V151)-1),"") | X151: =IFERROR(RIGHT(V151,LEN(V151)-FIND("-",V151)),"") | Z151: =IF(Y151="","",LEFT(SUBSTITUTE(ASC(Y151),"-",""),3)) | AA151: - | AB151: =IF(Y151="","",MID(SUBSTITUTE(ASC(Y151),"-",""),4,4)) | AE151: =IF(AK151="","",TEXT($AK151,"ggg")) | AF151: =IF(AK151="","",TEXT($AK151,"gg")) | AG151: =IF(AK151="","",TEXT($AK151,"g")) | AH151: =IF(AK151="","",TEXT($AK151,"e")) | AI151: =IF(AK151="","",TEXT($AK151,"m")) | AJ151: =IF(AK151="","",TEXT($AK151,"d")) | AL151: =IF(AM151="","",IF(各種設定金額!$B$7="","○○県",各種設定金額!$B$7)) | AO151: =IF(TRIM(AQ151)="","",AP151&AQ151&AR151) | AR151: 号 | AS151: =IF(AY151="","",TEXT($AY151,"ggg")) | AT151: =IF(AY151="","",TEXT($AY151,"gg")) | AU151: =IF(AY151="","",TEXT($AY151,"g")) | AV151: =IF(AY151="","",TEXT($AY151,"e")) | AW151: =IF(AY151="","",TEXT($AY151,"m")) | AX151: =IF(AY151="","",TEXT($AY151,"d")) | AZ151: =IF(BA151="","",IF(各種設定金額!$B$7="","○○県",各種設定金額!$B$7)) | BC151: =IF(TRIM(BE151)="","",BD151&BE151&BF151) | BF151: 号 | BG151: =IF(BM151="","",TEXT($BM151,"ggg")) | BH151: =IF(BM151="","",TEXT($BM151,"gg")) | BI151: =IF(BM151="","",TEXT($BM151,"g")) | BJ151: =IF(BM151="","",TEXT($BM151,"e")) | BK151: =IF(BM151="","",TEXT($BM151,"m")) | BL151: =IF(BM151="","",TEXT($BM151,"d")) | BN151: =IF(BO151="","",IF(各種設定金額!$B$7="","○○県",各種設定金額!$B$7)) | BQ151: =IF(TRIM(BS151)="","",BR151&BS151&BT151) | BT151: 号 | BU151: =IF(CA151="","",TEXT($CA151,"ggg")) | BV151: =IF(CA151="","",TEXT($CA151,"gg")) | BW151: =IF(CA151="","",TEXT($CA151,"g")) | BX151: =IF(CA151="","",TEXT($CA151,"e")) | BY151: =IF(CA151="","",TEXT($CA151,"m")) | BZ151: =IF(CA151="","",TEXT($CA151,"d")) | CB151: =IF(COUNT(AY151,BM151,CA151)=0,"",TEXT(DATE(YEAR(MIN(AY151,BM151,CA151))+3,9,14),"g")) | CC151: =IF(COUNT(AY151,BM151,CA151)=0,"",VALUE(TEXT(DATE(YEAR(MIN(AY151,BM151,CA151))+3,9,14),"e"))) | CH151: =YEAR(TODAY()) -> 2026 | CI151: =TEXT($CO151,"ggg") -> 令和 | CJ151: =TEXT($CO151,"g") -> R | CK151: =TEXT($CO151,"e") -> 8 | CL151: =MONTH(TODAY()) -> 10 | CM151: =DAY(TODAY()) -> 24 | CO151: =TODAY() -> 46319

Sheet 会員名簿
A1: ○○支部 会員名簿 令和 年 月
G2: 銃 | I2: わな | K2: 網 | M2: 免 | N2: 許
A3: No | B3: 氏 名 | C3: 携 帯 電 話 | D3: 固 定 電 話 | E3: 郵便番号 | F3: 住 所 | G3: 免 | H3: 登 | I3: 免 | J3: 登 | K3: 免 | L3: 登 | M3: 次 | N3: 回
G4: 許 | H4: 録 | I4: 許 | J4: 録 | K4: 許 | L4: 録 | M4: 更 | N4: 新
A5: =IF(B5="","",IF(SUBTOTAL(103,B5)=0,"",SUBTOTAL(103,$B$5:B5))) -> 1 | B5: =INDEX(Sheet1!$B:$B,ROWS($A$5:$A5)+1)&"" -> 見本 太郎 | C5: =INDEX(Sheet1!$O:$O,ROWS($A$5:$A5)+1)&"" -> 090-0000-0001 | D5: =INDEX(Sheet1!$T:$T,ROWS($A$5:$A5)+1)&"" -> 000-000-0001 | E5: =INDEX(Sheet1!$Y:$Y,ROWS($A$5:$A5)+1)&"" -> 000-0001 | F5: =INDEX(Sheet1!$AC:$AC,ROWS($A$5:$A5)+1)&"" -> 見本市見本町1丁目2-3 | G5: =INDEX(Sheet1!$AM:$AM,ROWS($A$5:$A5)+1)&"" -> ✔ | H5: =INDEX(Sheet1!$AN:$AN,ROWS($A$5:$A5)+1)&"" -> ✔ | I5: =INDEX(Sheet1!$BA:$BA,ROWS($A$5:$A5)+1)&"" -> ✔ | J5: =INDEX(Sheet1!$BB:$BB,ROWS($A$5:$A5)+1)&"" -> ✔ | K5: =INDEX(Sheet1!$BO:$BO,ROWS($A$5:$A5)+1)&"" | L5: =INDEX(Sheet1!$BP:$BP,ROWS($A$5:$A5)+1)&"" | M5: =INDEX(Sheet1!$CB:$CB,ROWS($A$5:$A5)+1)&"" -> R | N5: =IF(INDEX(Sheet1!$CC:$CC,ROWS($A$5:$A5)+1)="","",INDEX(Sheet1!$CC:$CC,ROWS($A$5:$A5)+1)) -> 9
A6: =IF(B6="","",IF(SUBTOTAL(103,B6)=0,"",SUBTOTAL(103,$B$5:B6))) -> 2 | B6: =INDEX(Sheet1!$B:$B,ROWS($A$5:$A6)+1)&"" -> 例示 花子 | C6: =INDEX(Sheet1!$O:$O,ROWS($A$5:$A6)+1)&"" -> 080-0000-0002 | D6: =INDEX(Sheet1!$T:$T,ROWS($A$5:$A6)+1)&"" | E6: =INDEX(Sheet1!$Y:$Y,ROWS($A$5:$A6)+1)&"" -> 000-0002 | F6: =INDEX(Sheet1!$AC:$AC,ROWS($A$5:$A6)+1)&"" -> 例示市例示町2丁目3-4 | G6: =INDEX(Sheet1!$AM:$AM,ROWS($A$5:$A6)+1)&"" | H6: =INDEX(Sheet1!$AN:$AN,ROWS($A$5:$A6)+1)&"" | I6: =INDEX(Sheet1!$BA:$BA,ROWS($A$5:$A6)+1)&"" -> ✔ | J6: =INDEX(Sheet1!$BB:$BB,ROWS($A$5:$A6)+1)&"" -> ✔ | K6: =INDEX(Sheet1!$BO:$BO,ROWS($A$5:$A6)+1)&"" | L6: =INDEX(Sheet1!$BP:$BP,ROWS($A$5:$A6)+1)&"" | M6: =INDEX(Sheet1!$CB:$CB,ROWS($A$5:$A6)+1)&"" -> R | N6: =IF(INDEX(Sheet1!$CC:$CC,ROWS($A$5:$A6)+1)="","",INDEX(Sheet1!$CC:$CC,ROWS($A$5:$A6)+1)) -> 8
A7: =IF(B7="","",IF(SUBTOTAL(103,B7)=0,"",SUBTOTAL(103,$B$5:B7))) -> 3 | B7: =INDEX(Sheet1!$B:$B,ROWS($A$5:$A7)+1)&"" -> 記入 次郎 | C7: =INDEX(Sheet1!$O:$O,ROWS($A$5:$A7)+1)&"" -> 070-0000-0003 | D7: =INDEX(Sheet1!$T:$T,ROWS($A$5:$A7)+1)&"" | E7: =INDEX(Sheet1!$Y:$Y,ROWS($A$5:$A7)+1)&"" -> 000-0003 | F7: =INDEX(Sheet1!$AC:$AC,ROWS($A$5:$A7)+1)&"" -> 記入市記入町3丁目4-5 | G7: =INDEX(Sheet1!$AM:$AM,ROWS($A$5:$A7)+1)&"" -> ✔ | H7: =INDEX(Sheet1!$AN:$AN,ROWS($A$5:$A7)+1)&"" -> 2️⃣ | I7: =INDEX(Sheet1!$BA:$BA,ROWS($A$5:$A7)+1)&"" | J7: =INDEX(Sheet1!$BB:$BB,ROWS($A$5:$A7)+1)&"" | K7: =INDEX(Sheet1!$BO:$BO,ROWS($A$5:$A7)+1)&"" -> ✔ | L7: =INDEX(Sheet1!$BP:$BP,ROWS($A$5:$A7)+1)&"" -> ✔ | M7: =INDEX(Sheet1!$CB:$CB,ROWS($A$5:$A7)+1)&"" -> R | N7: =IF(INDEX(Sheet1!$CC:$CC,ROWS($A$5:$A7)+1)="","",INDEX(Sheet1!$CC:$CC,ROWS($A$5:$A7)+1)) -> 10
A8: =IF(B8="","",IF(SUBTOTAL(103,B8)=0,"",SUBTOTAL(103,$B$5:B8))) -> 4 | B8: =INDEX(Sheet1!$B:$B,ROWS($A$5:$A8)+1)&"" -> 試験 三郎 | C8: =INDEX(Sheet1!$O:$O,ROWS($A$5:$A8)+1)&"" -> 090-0000-0004 | D8: =INDEX(Sheet1!$T:$T,ROWS($A$5:$A8)+1)&"" -> 000-000-0004 | E8: =INDEX(Sheet1!$Y:$Y,ROWS($A$5:$A8)+1)&"" -> 000-0004 | F8: =INDEX(Sheet1!$AC:$AC,ROWS($A$5:$A8)+1)&"" -> 試験市試験町4丁目5-6 | G8: =INDEX(Sheet1!$AM:$AM,ROWS($A$5:$A8)+1)&"" -> ✔ | H8: =INDEX(Sheet1!$AN:$AN,ROWS($A$5:$A8)+1)&"" -> ✔ | I8: =INDEX(Sheet1!$BA:$BA,ROWS($A$5:$A8)+1)&"" | J8: =INDEX(Sheet1!$BB:$BB,ROWS($A$5:$A8)+1)&"" | K8: =INDEX(Sheet1!$BO:$BO,ROWS($A$5:$A8)+1)&"" | L8: =INDEX(Sheet1!$BP:$BP,ROWS($A$5:$A8)+1)&"" | M8: =INDEX(Sheet1!$CB:$CB,ROWS($A$5:$A8)+1)&"" -> R | N8: =IF(INDEX(Sheet1!$CC:$CC,ROWS($A$5:$A8)+1)="","",INDEX(Sheet1!$CC:$CC,ROWS($A$5:$A8)+1)) -> 8
A9: =IF(B9="","",IF(SUBTOTAL(103,B9)=0,"",SUBTOTAL(103,$B$5:B9))) -> 5 | B9: =INDEX(Sheet1!$B:$B,ROWS($A$5:$A9)+1)&"" -> 架空 良子 | C9: =INDEX(Sheet1!$O:$O,ROWS($A$5:$A9)+1)&"" -> 080-0000-0005 | D9: =INDEX(Sheet1!$T:$T,ROWS($A$5:$A9)+1)&"" | E9: =INDEX(Sheet1!$Y:$Y,ROWS($A$5:$A9)+1)&"" -> 000-0005 | F9: =INDEX(Sheet1!$AC:$AC,ROWS($A$5:$A9)+1)&"" -> 架空市架空町5丁目6-7 | G9: =INDEX(Sheet1!$AM:$AM,ROWS($A$5:$A9)+1)&"" | H9: =INDEX(Sheet1!$AN:$AN,ROWS($A$5:$A9)+1)&"" | I9: =INDEX(Sheet1!$BA:$BA,ROWS($A$5:$A9)+1)&"" -> ✔ | J9: =INDEX(Sheet1!$BB:$BB,ROWS($A$5:$A9)+1)&"" -> ✔ | K9: =INDEX(Sheet1!$BO:$BO,ROWS($A$5:$A9)+1)&"" -> ✔ | L9: =INDEX(Sheet1!$BP:$BP,ROWS($A$5:$A9)+1)&"" -> ✔ | M9: =INDEX(Sheet1!$CB:$CB,ROWS($A$5:$A9)+1)&"" -> R | N9: =IF(INDEX(Sheet1!$CC:$CC,ROWS($A$5:$A9)+1)="","",INDEX(Sheet1!$CC:$CC,ROWS($A$5:$A9)+1)) -> 9
A10: =IF(B10="","",IF(SUBTOTAL(103,B10)=0,"",SUBTOTAL(103,$B$5:B10))) | B10: =INDEX(Sheet1!$B:$B,ROWS($A$5:$A10)+1)&"" | C10: =INDEX(Sheet1!$O:$O,ROWS($A$5:$A10)+1)&"" | D10: =INDEX(Sheet1!$T:$T,ROWS($A$5:$A10)+1)&"" | E10: =INDEX(Sheet1!$Y:$Y,ROWS($A$5:$A10)+1)&"" | F10: =INDEX(Sheet1!$AC:$AC,ROWS($A$5:$A10)+1)&"" | G10: =INDEX(Sheet1!$AM:$AM,ROWS($A$5:$A10)+1)&"" | H10: =INDEX(Sheet1!$AN:$AN,ROWS($A$5:$A10)+1)&"" | I10: =INDEX(Sheet1!$BA:$BA,ROWS($A$5:$A10)+1)&"" | J10: =INDEX(Sheet1!$BB:$BB,ROWS($A$5:$A10)+1)&"" | K10: =INDEX(Sheet1!$BO:$BO,ROWS($A$5:$A10)+1)&"" | L10: =INDEX(Sheet1!$BP:$BP,ROWS($A$5:$A10)+1)&"" | M10: =INDEX(Sheet1!$CB:$CB,ROWS($A$5:$A10)+1)&"" | N10: =IF(INDEX(Sheet1!$CC:$CC,ROWS($A$5:$A10)+1)="","",INDEX(Sheet1!$CC:$CC,ROWS($A$5:$A10)+1))
A11: =IF(B11="","",IF(SUBTOTAL(103,B11)=0,"",SUBTOTAL(103,$B$5:B11))) | B11: =INDEX(Sheet1!$B:$B,ROWS($A$5:$A11)+1)&"" | C11: =INDEX(Sheet1!$O:$O,ROWS($A$5:$A11)+1)&"" | D11: =INDEX(Sheet1!$T:$T,ROWS($A$5:$A11)+1)&"" | E11: =INDEX(Sheet1!$Y:$Y,ROWS($A$5:$A11)+1)&"" | F11: =INDEX(Sheet1!$AC:$AC,ROWS($A$5:$A11)+1)&"" | G11: =INDEX(Sheet1!$AM:$AM,ROWS($A$5:$A11)+1)&"" | H11: =INDEX(Sheet1!$AN:$AN,ROWS($A$5:$A11)+1)&"" | I11: =INDEX(Sheet1!$BA:$BA,ROWS($A$5:$A11)+1)&"" | J11: =INDEX(Sheet1!$BB:$BB,ROWS($A$5:$A11)+1)&"" | K11: =INDEX(Sheet1!$BO:$BO,ROWS($A$5:$A11)+1)&"" | L11: =INDEX(Sheet1!$BP:$BP,ROWS($A$5:$A11)+1)&"" | M11: =INDEX(Sheet1!$CB:$CB,ROWS($A$5:$A11)+1)&"" | N11: =IF(INDEX(Sheet1!$CC:$CC,ROWS($A$5:$A11)+1)="","",INDEX(Sheet1!$CC:$CC,ROWS($A$5:$A11)+1))
A12: =IF(B12="","",IF(SUBTOTAL(103,B12)=0,"",SUBTOTAL(103,$B$5:B12))) | B12: =INDEX(Sheet1!$B:$B,ROWS($A$5:$A12)+1)&"" | C12: =INDEX(Sheet1!$O:$O,ROWS($A$5:$A12)+1)&"" | D12: =INDEX(Sheet1!$T:$T,ROWS($A$5:$A12)+1)&"" | E12: =INDEX(Sheet1!$Y:$Y,ROWS($A$5:$A12)+1)&"" | F12: =INDEX(Sheet1!$AC:$AC,ROWS($A$5:$A12)+1)&"" | G12: =INDEX(Sheet1!$AM:$AM,ROWS($A$5:$A12)+1)&"" | H12: =INDEX(Sheet1!$AN:$AN,ROWS($A$5:$A12)+1)&"" | I12: =INDEX(Sheet1!$BA:$BA,ROWS($A$5:$A12)+1)&"" | J12: =INDEX(Sheet1!$BB:$BB,ROWS($A$5:$A12)+1)&"" | K12: =INDEX(Sheet1!$BO:$BO,ROWS($A$5:$A12)+1)&"" | L12: =INDEX(Sheet1!$BP:$BP,ROWS($A$5:$A12)+1)&"" | M12: =INDEX(Sheet1!$CB:$CB,ROWS($A$5:$A12)+1)&"" | N12: =IF(INDEX(Sheet1!$CC:$CC,ROWS($A$5:$A12)+1)="","",INDEX(Sheet1!$CC:$CC,ROWS($A$5:$A12)+1))
A13: =IF(B13="","",IF(SUBTOTAL(103,B13)=0,"",SUBTOTAL(103,$B$5:B13))) | B13: =INDEX(Sheet1!$B:$B,ROWS($A$5:$A13)+1)&"" | C13: =INDEX(Sheet1!$O:$O,ROWS($A$5:$A13)+1)&"" | D13: =INDEX(Sheet1!$T:$T,ROWS($A$5:$A13)+1)&"" | E13: =INDEX(Sheet1!$Y:$Y,ROWS($A$5:$A13)+1)&"" | F13: =INDEX(Sheet1!$AC:$AC,ROWS($A$5:$A13)+1)&"" | G13: =INDEX(Sheet1!$AM:$AM,ROWS($A$5:$A13)+1)&"" | H13: =INDEX(Sheet1!$AN:$AN,ROWS($A$5:$A13)+1)&"" | I13: =INDEX(Sheet1!$BA:$BA,ROWS($A$5:$A13)+1)&"" | J13: =INDEX(Sheet1!$BB:$BB,ROWS($A$5:$A13)+1)&"" | K13: =INDEX(Sheet1!$BO:$BO,ROWS($A$5:$A13)+1)&"" | L13: =INDEX(Sheet1!$BP:$BP,ROWS($A$5:$A13)+1)&"" | M13: =INDEX(Sheet1!$CB:$CB,ROWS($A$5:$A13)+1)&"" | N13: =IF(INDEX(Sheet1!$CC:$CC,ROWS($A$5:$A13)+1)="","",INDEX(Sheet1!$CC:$CC,ROWS($A$5:$A13)+1))
A14: =IF(B14="","",IF(SUBTOTAL(103,B14)=0,"",SUBTOTAL(103,$B$5:B14))) | B14: =INDEX(Sheet1!$B:$B,ROWS($A$5:$A14)+1)&"" | C14: =INDEX(Sheet1!$O:$O,ROWS($A$5:$A14)+1)&"" | D14: =INDEX(Sheet1!$T:$T,ROWS($A$5:$A14)+1)&"" | E14: =INDEX(Sheet1!$Y:$Y,ROWS($A$5:$A14)+1)&"" | F14: =INDEX(Sheet1!$AC:$AC,ROWS($A$5:$A14)+1)&"" | G14: =INDEX(Sheet1!$AM:$AM,ROWS($A$5:$A14)+1)&"" | H14: =INDEX(Sheet1!$AN:$AN,ROWS($A$5:$A14)+1)&"" | I14: =INDEX(Sheet1!$BA:$BA,ROWS($A$5:$A14)+1)&"" | J14: =INDEX(Sheet1!$BB:$BB,ROWS($A$5:$A14)+1)&"" | K14: =INDEX(Sheet1!$BO:$BO,ROWS($A$5:$A14)+1)&"" | L14: =INDEX(Sheet1!$BP:$BP,ROWS($A$5:$A14)+1)&"" | M14: =INDEX(Sheet1!$CB:$CB,ROWS($A$5:$A14)+1)&"" | N14: =IF(INDEX(Sheet1!$CC:$CC,ROWS($A$5:$A14)+1)="","",INDEX(Sheet1!$CC:$CC,ROWS($A$5:$A14)+1))
A15: =IF(B15="","",IF(SUBTOTAL(103,B15)=0,"",SUBTOTAL(103,$B$5:B15))) | B15: =INDEX(Sheet1!$B:$B,ROWS($A$5:$A15)+1)&"" | C15: =INDEX(Sheet1!$O:$O,ROWS($A$5:$A15)+1)&"" | D15: =INDEX(Sheet1!$T:$T,ROWS($A$5:$A15)+1)&"" | E15: =INDEX(Sheet1!$Y:$Y,ROWS($A$5:$A15)+1)&"" | F15: =INDEX(Sheet1!$AC:$AC,ROWS($A$5:$A15)+1)&"" | G15: =INDEX(Sheet1!$AM:$AM,ROWS($A$5:$A15)+1)&"" | H15: =INDEX(Sheet1!$AN:$AN,ROWS($A$5:$A15)+1)&"" | I15: =INDEX(Sheet1!$BA:$BA,ROWS($A$5:$A15)+1)&"" | J15: =INDEX(Sheet1!$BB:$BB,ROWS($A$5:$A15)+1)&"" | K15: =INDEX(Sheet1!$BO:$BO,ROWS($A$5:$A15)+1)&"" | L15: =INDEX(Sheet1!$BP:$BP,ROWS($A$5:$A15)+1)&"" | M15: =INDEX(Sheet1!$CB:$CB,ROWS($A$5:$A15)+1)&"" | N15: =IF(INDEX(Sheet1!$CC:$CC,ROWS($A$5:$A15)+1)="","",INDEX(Sheet1!$CC:$CC,ROWS($A$5:$A15)+1))
A16: =IF(B16="","",IF(SUBTOTAL(103,B16)=0,"",SUBTOTAL(103,$B$5:B16))) | B16: =INDEX(Sheet1!$B:$B,ROWS($A$5:$A16)+1)&"" | C16: =INDEX(Sheet1!$O:$O,ROWS($A$5:$A16)+1)&"" | D16: =INDEX(Sheet1!$T:$T,ROWS($A$5:$A16)+1)&"" | E16: =INDEX(Sheet1!$Y:$Y,ROWS($A$5:$A16)+1)&"" | F16: =INDEX(Sheet1!$AC:$AC,ROWS($A$5:$A16)+1)&"" | G16: =INDEX(Sheet1!$AM:$AM,ROWS($A$5:$A16)+1)&"" | H16: =INDEX(Sheet1!$AN:$AN,ROWS($A$5:$A16)+1)&"" | I16: =INDEX(Sheet1!$BA:$BA,ROWS($A$5:$A16)+1)&"" | J16: =INDEX(Sheet1!$BB:$BB,ROWS($A$5:$A16)+1)&"" | K16: =INDEX(Sheet1!$BO:$BO,ROWS($A$5:$A16)+1)&"" | L16: =INDEX(Sheet1!$BP:$BP,ROWS($A$5:$A16)+1)&"" | M16: =INDEX(Sheet1!$CB:$CB,ROWS($A$5:$A16)+1)&"" | N16: =IF(INDEX(Sheet1!$CC:$CC,ROWS($A$5:$A16)+1)="","",INDEX(Sheet1!$CC:$CC,ROWS($A$5:$A16)+1))
... A154: =IF(B154="","",IF(SUBTOTAL(103,B154)=0,"",SUBTOTAL(103,$B$5:B154))) | B154: =INDEX(Sheet1!$B:$B,ROWS($A$5:$A154)+1)&"" | C154: =INDEX(Sheet1!$O:$O,ROWS($A$5:$A154)+1)&"" | D154: =INDEX(Sheet1!$T:$T,ROWS($A$5:$A154)+1)&"" | E154: =INDEX(Sheet1!$Y:$Y,ROWS($A$5:$A154)+1)&"" | F154: =INDEX(Sheet1!$AC:$AC,ROWS($A$5:$A154)+1)&"" | G154: =INDEX(Sheet1!$AM:$AM,ROWS($A$5:$A154)+1)&"" | H154: =INDEX(Sheet1!$AN:$AN,ROWS($A$5:$A154)+1)&"" | I154: =INDEX(Sheet1!$BA:$BA,ROWS($A$5:$A154)+1)&"" | J154: =INDEX(Sheet1!$BB:$BB,ROWS($A$5:$A154)+1)&"" | K154: =INDEX(Sheet1!$BO:$BO,ROWS($A$5:$A154)+1)&"" | L154: =INDEX(Sheet1!$BP:$BP,ROWS($A$5:$A154)+1)&"" | M154: =INDEX(Sheet1!$CB:$CB,ROWS($A$5:$A154)+1)&"" | N154: =IF(INDEX(Sheet1!$CC:$CC,ROWS($A$5:$A154)+1)="","",INDEX(Sheet1!$CC:$CC,ROWS($A$5:$A154)+1))

Sheet 会費および登録費用等
A1: =TEXT(EDATE(TODAY(),-3),"ggge")&"年度会費および登録費用等" -> 令和8年度会費および登録費用等
A2: 日猟・県猟 猟友会費
G3: 大日本猟友会費 | L3: 県猟友会費 | Q3: 合 計
A4: 網 猟 | G4: =各種設定金額!B5 -> 2300 | L4: =各種設定金額!C2 -> 6000 | Q4: =SUM(G4:P4) -> 8300
A5: わ な 猟 | G5: =各種設定金額!B4 -> 2300 | L5: =各種設定金額!C2 -> 6000 | Q5: =SUM(G5:P5) -> 8300
A6: 第一種銃猟 | G6: =各種設定金額!B2 -> 4800 | L6: =各種設定金額!C2 -> 6000 | Q6: =SUM(G6:P6) -> 10800
A7: 第二種銃猟 | G7: =各種設定金額!B3 -> 3300 | L7: =各種設定金額!C2 -> 6000 | Q7: =SUM(G7:P7) -> 9300
A8: ※大日本猟友会費は2種類以上登録の方はいずれか高い方の金額になります
A10: 狩猟税・登録手数料
A11: （１）○○県の登録を受ける場合
A12: 有害鳥獣捕獲従事者用 | J12: 料金 | M12: 狩猟税 | P12: 登録手数料 | S12: 合 計
G13: 種別
G14: 網 猟 | M14: =各種設定金額!K3 -> 4100 | P14: =各種設定金額!M2 -> 1800 | S14: =SUM(M14:R14) -> 5900
G15: わ な 猟 | M15: =各種設定金額!J3 -> 4100 | P15: =各種設定金額!M2 -> 1800 | S15: =SUM(M15:R15) -> 5900
G16: 同上証明のある場合 | M16: =各種設定金額!J4 -> 2700 | P16: =各種設定金額!M2 -> 1800 | S16: =SUM(M16:R16) -> 4500
G17: 第一種銃猟 | M17: =各種設定金額!H3 -> 8200 | P17: =各種設定金額!M2 -> 1800 | S17: =SUM(M17:R17) -> 10000
G18: 同上証明のある場合 | M18: =各種設定金額!H4 -> 5500 | P18: =各種設定金額!M2 -> 1800 | S18: =SUM(M18:R18) -> 7300
G19: 第二種銃猟 | M19: =各種設定金額!I3 -> 2700 | P19: =各種設定金額!M2 -> 1800 | S19: =SUM(M19:R19) -> 4500
A21: （１）○○県の登録を受ける場合
A22: 一般・新規登録者用 | J22: 料金 | M22: 狩猟税 | P22: 登録手数料 | S22: 合 計
G23: 種別
G24: 網 猟 | M24: =各種設定金額!K2 -> 8200 | P24: =各種設定金額!M2 -> 1800 | S24: =SUM(M24:R24) -> 10000
G25: わ な 猟 | M25: =各種設定金額!J2 -> 8200 | P25: =各種設定金額!M2 -> 1800 | S25: =SUM(M25:R25) -> 10000
G26: 同上証明のある場合 | M26: =各種設定金額!J5 -> 5500 | P26: =各種設定金額!M2 -> 1800 | S26: =SUM(M26:R26) -> 7300
G27: 第一種銃猟 | M27: =各種設定金額!H2 -> 16500 | P27: =各種設定金額!M2 -> 1800 | S27: =SUM(M27:R27) -> 18300
G28: 同上証明のある場合 | M28: =各種設定金額!H5 -> 11000 | P28: =各種設定金額!M2 -> 1800 | S28: =SUM(M28:R28) -> 12800
G29: 第二種銃猟 | M29: =各種設定金額!I2 -> 5500 | P29: =各種設定金額!M2 -> 1800 | S29: =SUM(M29:R29) -> 7300
A31: （２）他府県の登録を受ける場合
A32: 他府県登録者用 | I32: 料金 | L32: 狩猟税 | N32: 登録手数料 | P32: 送料 | R32: 県猟証明 | T32: 合 計
F33: 種別 | P33: (往のみ) | R33: 手数料
F34: 網 猟 | L34: =各種設定金額!K2 -> 8200 | N34: =各種設定金額!M2 -> 1800 | P34: 1000 | R34: 1000 | T34: =SUM(L34:S34) -> 12000
F35: わ な 猟 | L35: =各種設定金額!J2 -> 8200 | N35: =各種設定金額!M2 -> 1800 | P35: 1000 | R35: 1000 | T35: =SUM(L35:S35) -> 12000
F36: 同上証明のある場合 | L36: =各種設定金額!J5 -> 5500 | N36: =各種設定金額!M2 -> 1800 | P36: 1000 | R36: 1000 | T36: =SUM(L36:S36) -> 9300
F37: 第一種銃猟 | L37: =各種設定金額!H2 -> 16500 | N37: =各種設定金額!M2 -> 1800 | P37: 1000 | R37: 1000 | T37: =SUM(L37:S37) -> 20300
F38: 同上証明のある場合 | L38: =各種設定金額!H5 -> 11000 | N38: =各種設定金額!M2 -> 1800 | P38: 1000 | R38: 1000 | T38: =SUM(L38:S38) -> 14800
F39: 第二種銃猟 | L39: =各種設定金額!I2 -> 5500 | N39: =各種設定金額!M2 -> 1800 | P39: 1000 | R39: 1000 | T39: =SUM(L39:S39) -> 9300
A41: ハンター団体保険
A42: Ａタイプ | E42: 第三者に対する賠償責任：5億円（免税金額0円） | Q42: =各種設定金額!P2 -> 7290
E43: ご自身の障害：500万円 入通院保険金日額：5千円
A44: Ｂタイプ | E44: 第三者に対する賠償責任：5億円（免税金額0円） | Q44: =各種設定金額!P3 -> 5960
E45: ご自身の障害：300万円 入通院保険金日額：3千円
A46: Ｃタイプ | E46: 第三者に対する賠償責任：5億円（免税金額0円） | Q46: =各種設定金額!P4 -> 4650
E47: ご自身の障害：100万円 入通院保険金日額：1千円
A48: わな保険 | E48: 対人1名/1事故 1億円（免責金額：1事故 1千万円） | Q48: =各種設定金額!Q2 -> 1200
A51: 登録費用等合計
A52: 日猟･県猟 猟友会費 | G52: 銃猟 狩猟税･登録手数料 | M52: わな猟 狩猟税･登録手数料
A53: 円 | G53: 円 | M53: 円 | S53: 氏 名
A54: 支部入会金 | D54: ○○支部費 | G54: ハンター保険 | M54: わな保険
A55: 円 | D55: =各種設定金額!D2 -> 5000 | G55: Ａ・Ｂ・Ｃ | J55: 円 | M55: 円 | S55: 合 計 | U55: 円
A56: ※ 注 登録証の返送料について
A57: ・申請県→本人への登録証、バッジ等の返送料が必要な県については(「平成26年度狩猟者登録一括申請手続便覧」
A58: を参照)往復分1,900円となります。
A60: 大日本名札代金（1枚当たり） 600円
A62: 網わな猟具標識代 | F62: 狩猟用 110円 (１枚当)
F63: 有害鳥獣捕獲用 220円 ( 〃 )

Sheet 狩猟登録会計
A1: No. | B1: 氏 名 | C1: 銃 | D1: 銃保険 | E1: わな | F1: 網 | G1: 有害 | H1: 減免 | I1: 大日本 猟友会費 | J1: ○○県 猟友会費 | K1: 銃 狩猟税 | L1: 銃登録 手数料 | M1: わな 狩猟税 | N1: わな登録 手数料 | O1: 網 狩猟税 | P1: 網登録 手数料 | Q1: 支部 年会費 | R1: 支部 入会金 | S1: ハンター 保険 | T1: わな 保険 | U1: 合計
A2: =IF(B2="","",IF(SUBTOTAL(103,B2)=0,"",SUBTOTAL(103,$B$2:B2))) -> 1 | B2: =INDEX(Sheet1!$B:$B,ROWS($A$2:$A2)+1)&"" -> 見本 太郎 | C2: ✔ | D2: A | E2: ✔ | I2: =IF(OR(C2="✔",AND(C2="",D2<>"")),各種設定金額!$B$2,IF(C2="2️⃣",各種設定金額!$B$3,IF(AND(C2="",E2="✔"),各種設定金額!$B$4,IF(AND(C2="",E2="",F2="✔"),各種設定金額!$B$5,"")))) -> 4800 | J2: =IF(B2<>"",各種設定金額!$C$2,0) -> 6000 | K2: =IF(INDEX(Sheet1!$CF:$CF,ROWS($A$2:$A2)+1)<>"",0,IF(C2="✔",IF(H2="◯",IF(G2="◯",各種設定金額!$H$4,各種設定金額!$H$5),IF(G2="◯",各種設定金額!$H$3,各種設定金額!$H$2)),IF(C2="2️⃣",IF(G2="◯",各種設定金額!$I$3,各種設定金額!$I$2),0))) -> 16500 | L2: =IF(OR(C2="✔",C2="2️⃣"),各種設定金額!$M$2,0) -> 1800 | M2: =IF(INDEX(Sheet1!$CF:$CF,ROWS($A$2:$A2)+1)<>"",0,IF(E2="✔",IF(H2="◯",IF(G2="◯",各種設定金額!$J$4,各種設定金額!$J$5),IF(G2="◯",各種設定金額!$J$3,各種設定金額!$J$2)),0)) -> 8200 | N2: =IF(E2="✔",各種設定金額!$M$2,0) -> 1800 | O2: =IF(INDEX(Sheet1!$CF:$CF,ROWS($A$2:$A2)+1)<>"",0,IF(F2="✔",IF(H2="◯",IF(G2="◯",各種設定金額!$K$4,各種設定金額!$K$5),IF(G2="◯",各種設定金額!$K$3,各種設定金額!$K$2)),0)) -> 0 | P2: =IF(F2="✔",各種設定金額!$M$2,0) -> 0 | Q2: =IF(B2<>"",各種設定金額!$D$2,0) -> 5000 | S2: =IF(D2="A",各種設定金額!$P$2,IF(D2="B",各種設定金額!$P$3,IF(D2="C",各種設定金額!$P$4,0))) -> 7290 | T2: =IF(E2="✔",各種設定金額!$Q$2,0) -> 1200 | U2: =SUM(I2:T2) -> 52590
A3: =IF(B3="","",IF(SUBTOTAL(103,B3)=0,"",SUBTOTAL(103,$B$2:B3))) -> 2 | B3: =INDEX(Sheet1!$B:$B,ROWS($A$2:$A3)+1)&"" -> 例示 花子 | E3: ✔ | G3: ◯ | I3: =IF(OR(C3="✔",AND(C3="",D3<>"")),各種設定金額!$B$2,IF(C3="2️⃣",各種設定金額!$B$3,IF(AND(C3="",E3="✔"),各種設定金額!$B$4,IF(AND(C3="",E3="",F3="✔"),各種設定金額!$B$5,"")))) -> 2300 | J3: =IF(B3<>"",各種設定金額!$C$2,0) -> 6000 | K3: =IF(INDEX(Sheet1!$CF:$CF,ROWS($A$2:$A3)+1)<>"",0,IF(C3="✔",IF(H3="◯",IF(G3="◯",各種設定金額!$H$4,各種設定金額!$H$5),IF(G3="◯",各種設定金額!$H$3,各種設定金額!$H$2)),IF(C3="2️⃣",IF(G3="◯",各種設定金額!$I$3,各種設定金額!$I$2),0))) -> 0 | L3: =IF(OR(C3="✔",C3="2️⃣"),各種設定金額!$M$2,0) -> 0 | M3: =IF(INDEX(Sheet1!$CF:$CF,ROWS($A$2:$A3)+1)<>"",0,IF(E3="✔",IF(H3="◯",IF(G3="◯",各種設定金額!$J$4,各種設定金額!$J$5),IF(G3="◯",各種設定金額!$J$3,各種設定金額!$J$2)),0)) -> 4100 | N3: =IF(E3="✔",各種設定金額!$M$2,0) -> 1800 | O3: =IF(INDEX(Sheet1!$CF:$CF,ROWS($A$2:$A3)+1)<>"",0,IF(F3="✔",IF(H3="◯",IF(G3="◯",各種設定金額!$K$4,各種設定金額!$K$5),IF(G3="◯",各種設定金額!$K$3,各種設定金額!$K$2)),0)) -> 0 | P3: =IF(F3="✔",各種設定金額!$M$2,0) -> 0 | Q3: =IF(B3<>"",各種設定金額!$D$2,0) -> 5000 | S3: =IF(D3="A",各種設定金額!$P$2,IF(D3="B",各種設定金額!$P$3,IF(D3="C",各種設定金額!$P$4,0))) -> 0 | T3: =IF(E3="✔",各種設定金額!$Q$2,0) -> 1200 | U3: =SUM(I3:T3) -> 20400
A4: =IF(B4="","",IF(SUBTOTAL(103,B4)=0,"",SUBTOTAL(103,$B$2:B4))) -> 3 | B4: =INDEX(Sheet1!$B:$B,ROWS($A$2:$A4)+1)&"" -> 記入 次郎 | C4: 2️⃣ | D4: C | F4: ✔ | I4: =IF(OR(C4="✔",AND(C4="",D4<>"")),各種設定金額!$B$2,IF(C4="2️⃣",各種設定金額!$B$3,IF(AND(C4="",E4="✔"),各種設定金額!$B$4,IF(AND(C4="",E4="",F4="✔"),各種設定金額!$B$5,"")))) -> 3300 | J4: =IF(B4<>"",各種設定金額!$C$2,0) -> 6000 | K4: =IF(INDEX(Sheet1!$CF:$CF,ROWS($A$2:$A4)+1)<>"",0,IF(C4="✔",IF(H4="◯",IF(G4="◯",各種設定金額!$H$4,各種設定金額!$H$5),IF(G4="◯",各種設定金額!$H$3,各種設定金額!$H$2)),IF(C4="2️⃣",IF(G4="◯",各種設定金額!$I$3,各種設定金額!$I$2),0))) -> 0 | L4: =IF(OR(C4="✔",C4="2️⃣"),各種設定金額!$M$2,0) -> 1800 | M4: =IF(INDEX(Sheet1!$CF:$CF,ROWS($A$2:$A4)+1)<>"",0,IF(E4="✔",IF(H4="◯",IF(G4="◯",各種設定金額!$J$4,各種設定金額!$J$5),IF(G4="◯",各種設定金額!$J$3,各種設定金額!$J$2)),0)) -> 0 | N4: =IF(E4="✔",各種設定金額!$M$2,0) -> 0 | O4: =IF(INDEX(Sheet1!$CF:$CF,ROWS($A$2:$A4)+1)<>"",0,IF(F4="✔",IF(H4="◯",IF(G4="◯",各種設定金額!$K$4,各種設定金額!$K$5),IF(G4="◯",各種設定金額!$K$3,各種設定金額!$K$2)),0)) -> 0 | P4: =IF(F4="✔",各種設定金額!$M$2,0) -> 1800 | Q4: =IF(B4<>"",各種設定金額!$D$2,0) -> 5000 | R4: 10000 | S4: =IF(D4="A",各種設定金額!$P$2,IF(D4="B",各種設定金額!$P$3,IF(D4="C",各種設定金額!$P$4,0))) -> 4650 | T4: =IF(E4="✔",各種設定金額!$Q$2,0) -> 0 | U4: =SUM(I4:T4) -> 32550
A5: =IF(B5="","",IF(SUBTOTAL(103,B5)=0,"",SUBTOTAL(103,$B$2:B5))) -> 4 | B5: =INDEX(Sheet1!$B:$B,ROWS($A$2:$A5)+1)&"" -> 試験 三郎 | C5: ✔ | D5: B | G5: ◯ | H5: ◯ | I5: =IF(OR(C5="✔",AND(C5="",D5<>"")),各種設定金額!$B$2,IF(C5="2️⃣",各種設定金額!$B$3,IF(AND(C5="",E5="✔"),各種設定金額!$B$4,IF(AND(C5="",E5="",F5="✔"),各種設定金額!$B$5,"")))) -> 4800 | J5: =IF(B5<>"",各種設定金額!$C$2,0) -> 6000 | K5: =IF(INDEX(Sheet1!$CF:$CF,ROWS($A$2:$A5)+1)<>"",0,IF(C5="✔",IF(H5="◯",IF(G5="◯",各種設定金額!$H$4,各種設定金額!$H$5),IF(G5="◯",各種設定金額!$H$3,各種設定金額!$H$2)),IF(C5="2️⃣",IF(G5="◯",各種設定金額!$I$3,各種設定金額!$I$2),0))) -> 5500 | L5: =IF(OR(C5="✔",C5="2️⃣"),各種設定金額!$M$2,0) -> 1800 | M5: =IF(INDEX(Sheet1!$CF:$CF,ROWS($A$2:$A5)+1)<>"",0,IF(E5="✔",IF(H5="◯",IF(G5="◯",各種設定金額!$J$4,各種設定金額!$J$5),IF(G5="◯",各種設定金額!$J$3,各種設定金額!$J$2)),0)) -> 0 | N5: =IF(E5="✔",各種設定金額!$M$2,0) -> 0 | O5: =IF(INDEX(Sheet1!$CF:$CF,ROWS($A$2:$A5)+1)<>"",0,IF(F5="✔",IF(H5="◯",IF(G5="◯",各種設定金額!$K$4,各種設定金額!$K$5),IF(G5="◯",各種設定金額!$K$3,各種設定金額!$K$2)),0)) -> 0 | P5: =IF(F5="✔",各種設定金額!$M$2,0) -> 0 | Q5: =IF(B5<>"",各種設定金額!$D$2,0) -> 5000 | S5: =IF(D5="A",各種設定金額!$P$2,IF(D5="B",各種設定金額!$P$3,IF(D5="C",各種設定金額!$P$4,0))) -> 5960 | T5: =IF(E5="✔",各種設定金額!$Q$2,0) -> 0 | U5: =SUM(I5:T5) -> 29060
A6: =IF(B6="","",IF(SUBTOTAL(103,B6)=0,"",SUBTOTAL(103,$B$2:B6))) -> 5 | B6: =INDEX(Sheet1!$B:$B,ROWS($A$2:$A6)+1)&"" -> 架空 良子 | E6: ✔ | F6: ✔ | H6: ◯ | I6: =IF(OR(C6="✔",AND(C6="",D6<>"")),各種設定金額!$B$2,IF(C6="2️⃣",各種設定金額!$B$3,IF(AND(C6="",E6="✔"),各種設定金額!$B$4,IF(AND(C6="",E6="",F6="✔"),各種設定金額!$B$5,"")))) -> 2300 | J6: =IF(B6<>"",各種設定金額!$C$2,0) -> 6000 | K6: =IF(INDEX(Sheet1!$CF:$CF,ROWS($A$2:$A6)+1)<>"",0,IF(C6="✔",IF(H6="◯",IF(G6="◯",各種設定金額!$H$4,各種設定金額!$H$5),IF(G6="◯",各種設定金額!$H$3,各種設定金額!$H$2)),IF(C6="2️⃣",IF(G6="◯",各種設定金額!$I$3,各種設定金額!$I$2),0))) -> 0 | L6: =IF(OR(C6="✔",C6="2️⃣"),各種設定金額!$M$2,0) -> 0 | M6: =IF(INDEX(Sheet1!$CF:$CF,ROWS($A$2:$A6)+1)<>"",0,IF(E6="✔",IF(H6="◯",IF(G6="◯",各種設定金額!$J$4,各種設定金額!$J$5),IF(G6="◯",各種設定金額!$J$3,各種設定金額!$J$2)),0)) -> 5500 | N6: =IF(E6="✔",各種設定金額!$M$2,0) -> 1800 | O6: =IF(INDEX(Sheet1!$CF:$CF,ROWS($A$2:$A6)+1)<>"",0,IF(F6="✔",IF(H6="◯",IF(G6="◯",各種設定金額!$K$4,各種設定金額!$K$5),IF(G6="◯",各種設定金額!$K$3,各種設定金額!$K$2)),0)) -> 5500 | P6: =IF(F6="✔",各種設定金額!$M$2,0) -> 1800 | Q6: =IF(B6<>"",各種設定金額!$D$2,0) -> 5000 | S6: =IF(D6="A",各種設定金額!$P$2,IF(D6="B",各種設定金額!$P$3,IF(D6="C",各種設定金額!$P$4,0))) -> 0 | T6: =IF(E6="✔",各種設定金額!$Q$2,0) -> 1200 | U6: =SUM(I6:T6) -> 29100
A7: =IF(B7="","",IF(SUBTOTAL(103,B7)=0,"",SUBTOTAL(103,$B$2:B7))) | B7: =INDEX(Sheet1!$B:$B,ROWS($A$2:$A7)+1)&"" | I7: =IF(OR(C7="✔",AND(C7="",D7<>"")),各種設定金額!$B$2,IF(C7="2️⃣",各種設定金額!$B$3,IF(AND(C7="",E7="✔"),各種設定金額!$B$4,IF(AND(C7="",E7="",F7="✔"),各種設定金額!$B$5,"")))) | J7: =IF(B7<>"",各種設定金額!$C$2,0) -> 0 | K7: =IF(INDEX(Sheet1!$CF:$CF,ROWS($A$2:$A7)+1)<>"",0,IF(C7="✔",IF(H7="◯",IF(G7="◯",各種設定金額!$H$4,各種設定金額!$H$5),IF(G7="◯",各種設定金額!$H$3,各種設定金額!$H$2)),IF(C7="2️⃣",IF(G7="◯",各種設定金額!$I$3,各種設定金額!$I$2),0))) -> 0 | L7: =IF(OR(C7="✔",C7="2️⃣"),各種設定金額!$M$2,0) -> 0 | M7: =IF(INDEX(Sheet1!$CF:$CF,ROWS($A$2:$A7)+1)<>"",0,IF(E7="✔",IF(H7="◯",IF(G7="◯",各種設定金額!$J$4,各種設定金額!$J$5),IF(G7="◯",各種設定金額!$J$3,各種設定金額!$J$2)),0)) -> 0 | N7: =IF(E7="✔",各種設定金額!$M$2,0) -> 0 | O7: =IF(INDEX(Sheet1!$CF:$CF,ROWS($A$2:$A7)+1)<>"",0,IF(F7="✔",IF(H7="◯",IF(G7="◯",各種設定金額!$K$4,各種設定金額!$K$5),IF(G7="◯",各種設定金額!$K$3,各種設定金額!$K$2)),0)) -> 0 | P7: =IF(F7="✔",各種設定金額!$M$2,0) -> 0 | Q7: =IF(B7<>"",各種設定金額!$D$2,0) -> 0 | S7: =IF(D7="A",各種設定金額!$P$2,IF(D7="B",各種設定金額!$P$3,IF(D7="C",各種設定金額!$P$4,0))) -> 0 | T7: =IF(E7="✔",各種設定金額!$Q$2,0) -> 0 | U7: =SUM(I7:T7) -> 0
A8: =IF(B8="","",IF(SUBTOTAL(103,B8)=0,"",SUBTOTAL(103,$B$2:B8))) | B8: =INDEX(Sheet1!$B:$B,ROWS($A$2:$A8)+1)&"" | I8: =IF(OR(C8="✔",AND(C8="",D8<>"")),各種設定金額!$B$2,IF(C8="2️⃣",各種設定金額!$B$3,IF(AND(C8="",E8="✔"),各種設定金額!$B$4,IF(AND(C8="",E8="",F8="✔"),各種設定金額!$B$5,"")))) | J8: =IF(B8<>"",各種設定金額!$C$2,0) -> 0 | K8: =IF(INDEX(Sheet1!$CF:$CF,ROWS($A$2:$A8)+1)<>"",0,IF(C8="✔",IF(H8="◯",IF(G8="◯",各種設定金額!$H$4,各種設定金額!$H$5),IF(G8="◯",各種設定金額!$H$3,各種設定金額!$H$2)),IF(C8="2️⃣",IF(G8="◯",各種設定金額!$I$3,各種設定金額!$I$2),0))) -> 0 | L8: =IF(OR(C8="✔",C8="2️⃣"),各種設定金額!$M$2,0) -> 0 | M8: =IF(INDEX(Sheet1!$CF:$CF,ROWS($A$2:$A8)+1)<>"",0,IF(E8="✔",IF(H8="◯",IF(G8="◯",各種設定金額!$J$4,各種設定金額!$J$5),IF(G8="◯",各種設定金額!$J$3,各種設定金額!$J$2)),0)) -> 0 | N8: =IF(E8="✔",各種設定金額!$M$2,0) -> 0 | O8: =IF(INDEX(Sheet1!$CF:$CF,ROWS($A$2:$A8)+1)<>"",0,IF(F8="✔",IF(H8="◯",IF(G8="◯",各種設定金額!$K$4,各種設定金額!$K$5),IF(G8="◯",各種設定金額!$K$3,各種設定金額!$K$2)),0)) -> 0 | P8: =IF(F8="✔",各種設定金額!$M$2,0) -> 0 | Q8: =IF(B8<>"",各種設定金額!$D$2,0) -> 0 | S8: =IF(D8="A",各種設定金額!$P$2,IF(D8="B",各種設定金額!$P$3,IF(D8="C",各種設定金額!$P$4,0))) -> 0 | T8: =IF(E8="✔",各種設定金額!$Q$2,0) -> 0 | U8: =SUM(I8:T8) -> 0
A9: =IF(B9="","",IF(SUBTOTAL(103,B9)=0,"",SUBTOTAL(103,$B$2:B9))) | B9: =INDEX(Sheet1!$B:$B,ROWS($A$2:$A9)+1)&"" | I9: =IF(OR(C9="✔",AND(C9="",D9<>"")),各種設定金額!$B$2,IF(C9="2️⃣",各種設定金額!$B$3,IF(AND(C9="",E9="✔"),各種設定金額!$B$4,IF(AND(C9="",E9="",F9="✔"),各種設定金額!$B$5,"")))) | J9: =IF(B9<>"",各種設定金額!$C$2,0) -> 0 | K9: =IF(INDEX(Sheet1!$CF:$CF,ROWS($A$2:$A9)+1)<>"",0,IF(C9="✔",IF(H9="◯",IF(G9="◯",各種設定金額!$H$4,各種設定金額!$H$5),IF(G9="◯",各種設定金額!$H$3,各種設定金額!$H$2)),IF(C9="2️⃣",IF(G9="◯",各種設定金額!$I$3,各種設定金額!$I$2),0))) -> 0 | L9: =IF(OR(C9="✔",C9="2️⃣"),各種設定金額!$M$2,0) -> 0 | M9: =IF(INDEX(Sheet1!$CF:$CF,ROWS($A$2:$A9)+1)<>"",0,IF(E9="✔",IF(H9="◯",IF(G9="◯",各種設定金額!$J$4,各種設定金額!$J$5),IF(G9="◯",各種設定金額!$J$3,各種設定金額!$J$2)),0)) -> 0 | N9: =IF(E9="✔",各種設定金額!$M$2,0) -> 0 | O9: =IF(INDEX(Sheet1!$CF:$CF,ROWS($A$2:$A9)+1)<>"",0,IF(F9="✔",IF(H9="◯",IF(G9="◯",各種設定金額!$K$4,各種設定金額!$K$5),IF(G9="◯",各種設定金額!$K$3,各種設定金額!$K$2)),0)) -> 0 | P9: =IF(F9="✔",各種設定金額!$M$2,0) -> 0 | Q9: =IF(B9<>"",各種設定金額!$D$2,0) -> 0 | S9: =IF(D9="A",各種設定金額!$P$2,IF(D9="B",各種設定金額!$P$3,IF(D9="C",各種設定金額!$P$4,0))) -> 0 | T9: =IF(E9="✔",各種設定金額!$Q$2,0) -> 0 | U9: =SUM(I9:T9) -> 0
A10: =IF(B10="","",IF(SUBTOTAL(103,B10)=0,"",SUBTOTAL(103,$B$2:B10))) | B10: =INDEX(Sheet1!$B:$B,ROWS($A$2:$A10)+1)&"" | I10: =IF(OR(C10="✔",AND(C10="",D10<>"")),各種設定金額!$B$2,IF(C10="2️⃣",各種設定金額!$B$3,IF(AND(C10="",E10="✔"),各種設定金額!$B$4,IF(AND(C10="",E10="",F10="✔"),各種設定金額!$B$5,"")))) | J10: =IF(B10<>"",各種設定金額!$C$2,0) -> 0 | K10: =IF(INDEX(Sheet1!$CF:$CF,ROWS($A$2:$A10)+1)<>"",0,IF(C10="✔",IF(H10="◯",IF(G10="◯",各種設定金額!$H$4,各種設定金額!$H$5),IF(G10="◯",各種設定金額!$H$3,各種設定金額!$H$2)),IF(C10="2️⃣",IF(G10="◯",各種設定金額!$I$3,各種設定金額!$I$2),0))) -> 0 | L10: =IF(OR(C10="✔",C10="2️⃣"),各種設定金額!$M$2,0) -> 0 | M10: =IF(INDEX(Sheet1!$CF:$CF,ROWS($A$2:$A10)+1)<>"",0,IF(E10="✔",IF(H10="◯",IF(G10="◯",各種設定金額!$J$4,各種設定金額!$J$5),IF(G10="◯",各種設定金額!$J$3,各種設定金額!$J$2)),0)) -> 0 | N10: =IF(E10="✔",各種設定金額!$M$2,0) -> 0 | O10: =IF(INDEX(Sheet1!$CF:$CF,ROWS($A$2:$A10)+1)<>"",0,IF(F10="✔",IF(H10="◯",IF(G10="◯",各種設定金額!$K$4,各種設定金額!$K$5),IF(G10="◯",各種設定金額!$K$3,各種設定金額!$K$2)),0)) -> 0 | P10: =IF(F10="✔",各種設定金額!$M$2,0) -> 0 | Q10: =IF(B10<>"",各種設定金額!$D$2,0) -> 0 | S10: =IF(D10="A",各種設定金額!$P$2,IF(D10="B",各種設定金額!$P$3,IF(D10="C",各種設定金額!$P$4,0))) -> 0 | T10: =IF(E10="✔",各種設定金額!$Q$2,0) -> 0 | U10: =SUM(I10:T10) -> 0
A11: =IF(B11="","",IF(SUBTOTAL(103,B11)=0,"",SUBTOTAL(103,$B$2:B11))) | B11: =INDEX(Sheet1!$B:$B,ROWS($A$2:$A11)+1)&"" | I11: =IF(OR(C11="✔",AND(C11="",D11<>"")),各種設定金額!$B$2,IF(C11="2️⃣",各種設定金額!$B$3,IF(AND(C11="",E11="✔"),各種設定金額!$B$4,IF(AND(C11="",E11="",F11="✔"),各種設定金額!$B$5,"")))) | J11: =IF(B11<>"",各種設定金額!$C$2,0) -> 0 | K11: =IF(INDEX(Sheet1!$CF:$CF,ROWS($A$2:$A11)+1)<>"",0,IF(C11="✔",IF(H11="◯",IF(G11="◯",各種設定金額!$H$4,各種設定金額!$H$5),IF(G11="◯",各種設定金額!$H$3,各種設定金額!$H$2)),IF(C11="2️⃣",IF(G11="◯",各種設定金額!$I$3,各種設定金額!$I$2),0))) -> 0 | L11: =IF(OR(C11="✔",C11="2️⃣"),各種設定金額!$M$2,0) -> 0 | M11: =IF(INDEX(Sheet1!$CF:$CF,ROWS($A$2:$A11)+1)<>"",0,IF(E11="✔",IF(H11="◯",IF(G11="◯",各種設定金額!$J$4,各種設定金額!$J$5),IF(G11="◯",各種設定金額!$J$3,各種設定金額!$J$2)),0)) -> 0 | N11: =IF(E11="✔",各種設定金額!$M$2,0) -> 0 | O11: =IF(INDEX(Sheet1!$CF:$CF,ROWS($A$2:$A11)+1)<>"",0,IF(F11="✔",IF(H11="◯",IF(G11="◯",各種設定金額!$K$4,各種設定金額!$K$5),IF(G11="◯",各種設定金額!$K$3,各種設定金額!$K$2)),0)) -> 0 | P11: =IF(F11="✔",各種設定金額!$M$2,0) -> 0 | Q11: =IF(B11<>"",各種設定金額!$D$2,0) -> 0 | S11: =IF(D11="A",各種設定金額!$P$2,IF(D11="B",各種設定金額!$P$3,IF(D11="C",各種設定金額!$P$4,0))) -> 0 | T11: =IF(E11="✔",各種設定金額!$Q$2,0) -> 0 | U11: =SUM(I11:T11) -> 0
A12: =IF(B12="","",IF(SUBTOTAL(103,B12)=0,"",SUBTOTAL(103,$B$2:B12))) | B12: =INDEX(Sheet1!$B:$B,ROWS($A$2:$A12)+1)&"" | I12: =IF(OR(C12="✔",AND(C12="",D12<>"")),各種設定金額!$B$2,IF(C12="2️⃣",各種設定金額!$B$3,IF(AND(C12="",E12="✔"),各種設定金額!$B$4,IF(AND(C12="",E12="",F12="✔"),各種設定金額!$B$5,"")))) | J12: =IF(B12<>"",各種設定金額!$C$2,0) -> 0 | K12: =IF(INDEX(Sheet1!$CF:$CF,ROWS($A$2:$A12)+1)<>"",0,IF(C12="✔",IF(H12="◯",IF(G12="◯",各種設定金額!$H$4,各種設定金額!$H$5),IF(G12="◯",各種設定金額!$H$3,各種設定金額!$H$2)),IF(C12="2️⃣",IF(G12="◯",各種設定金額!$I$3,各種設定金額!$I$2),0))) -> 0 | L12: =IF(OR(C12="✔",C12="2️⃣"),各種設定金額!$M$2,0) -> 0 | M12: =IF(INDEX(Sheet1!$CF:$CF,ROWS($A$2:$A12)+1)<>"",0,IF(E12="✔",IF(H12="◯",IF(G12="◯",各種設定金額!$J$4,各種設定金額!$J$5),IF(G12="◯",各種設定金額!$J$3,各種設定金額!$J$2)),0)) -> 0 | N12: =IF(E12="✔",各種設定金額!$M$2,0) -> 0 | O12: =IF(INDEX(Sheet1!$CF:$CF,ROWS($A$2:$A12)+1)<>"",0,IF(F12="✔",IF(H12="◯",IF(G12="◯",各種設定金額!$K$4,各種設定金額!$K$5),IF(G12="◯",各種設定金額!$K$3,各種設定金額!$K$2)),0)) -> 0 | P12: =IF(F12="✔",各種設定金額!$M$2,0) -> 0 | Q12: =IF(B12<>"",各種設定金額!$D$2,0) -> 0 | S12: =IF(D12="A",各種設定金額!$P$2,IF(D12="B",各種設定金額!$P$3,IF(D12="C",各種設定金額!$P$4,0))) -> 0 | T12: =IF(E12="✔",各種設定金額!$Q$2,0) -> 0 | U12: =SUM(I12:T12) -> 0
A13: =IF(B13="","",IF(SUBTOTAL(103,B13)=0,"",SUBTOTAL(103,$B$2:B13))) | B13: =INDEX(Sheet1!$B:$B,ROWS($A$2:$A13)+1)&"" | I13: =IF(OR(C13="✔",AND(C13="",D13<>"")),各種設定金額!$B$2,IF(C13="2️⃣",各種設定金額!$B$3,IF(AND(C13="",E13="✔"),各種設定金額!$B$4,IF(AND(C13="",E13="",F13="✔"),各種設定金額!$B$5,"")))) | J13: =IF(B13<>"",各種設定金額!$C$2,0) -> 0 | K13: =IF(INDEX(Sheet1!$CF:$CF,ROWS($A$2:$A13)+1)<>"",0,IF(C13="✔",IF(H13="◯",IF(G13="◯",各種設定金額!$H$4,各種設定金額!$H$5),IF(G13="◯",各種設定金額!$H$3,各種設定金額!$H$2)),IF(C13="2️⃣",IF(G13="◯",各種設定金額!$I$3,各種設定金額!$I$2),0))) -> 0 | L13: =IF(OR(C13="✔",C13="2️⃣"),各種設定金額!$M$2,0) -> 0 | M13: =IF(INDEX(Sheet1!$CF:$CF,ROWS($A$2:$A13)+1)<>"",0,IF(E13="✔",IF(H13="◯",IF(G13="◯",各種設定金額!$J$4,各種設定金額!$J$5),IF(G13="◯",各種設定金額!$J$3,各種設定金額!$J$2)),0)) -> 0 | N13: =IF(E13="✔",各種設定金額!$M$2,0) -> 0 | O13: =IF(INDEX(Sheet1!$CF:$CF,ROWS($A$2:$A13)+1)<>"",0,IF(F13="✔",IF(H13="◯",IF(G13="◯",各種設定金額!$K$4,各種設定金額!$K$5),IF(G13="◯",各種設定金額!$K$3,各種設定金額!$K$2)),0)) -> 0 | P13: =IF(F13="✔",各種設定金額!$M$2,0) -> 0 | Q13: =IF(B13<>"",各種設定金額!$D$2,0) -> 0 | S13: =IF(D13="A",各種設定金額!$P$2,IF(D13="B",各種設定金額!$P$3,IF(D13="C",各種設定金額!$P$4,0))) -> 0 | T13: =IF(E13="✔",各種設定金額!$Q$2,0) -> 0 | U13: =SUM(I13:T13) -> 0
A14: =IF(B14="","",IF(SUBTOTAL(103,B14)=0,"",SUBTOTAL(103,$B$2:B14))) | B14: =INDEX(Sheet1!$B:$B,ROWS($A$2:$A14)+1)&"" | I14: =IF(OR(C14="✔",AND(C14="",D14<>"")),各種設定金額!$B$2,IF(C14="2️⃣",各種設定金額!$B$3,IF(AND(C14="",E14="✔"),各種設定金額!$B$4,IF(AND(C14="",E14="",F14="✔"),各種設定金額!$B$5,"")))) | J14: =IF(B14<>"",各種設定金額!$C$2,0) -> 0 | K14: =IF(INDEX(Sheet1!$CF:$CF,ROWS($A$2:$A14)+1)<>"",0,IF(C14="✔",IF(H14="◯",IF(G14="◯",各種設定金額!$H$4,各種設定金額!$H$5),IF(G14="◯",各種設定金額!$H$3,各種設定金額!$H$2)),IF(C14="2️⃣",IF(G14="◯",各種設定金額!$I$3,各種設定金額!$I$2),0))) -> 0 | L14: =IF(OR(C14="✔",C14="2️⃣"),各種設定金額!$M$2,0) -> 0 | M14: =IF(INDEX(Sheet1!$CF:$CF,ROWS($A$2:$A14)+1)<>"",0,IF(E14="✔",IF(H14="◯",IF(G14="◯",各種設定金額!$J$4,各種設定金額!$J$5),IF(G14="◯",各種設定金額!$J$3,各種設定金額!$J$2)),0)) -> 0 | N14: =IF(E14="✔",各種設定金額!$M$2,0) -> 0 | O14: =IF(INDEX(Sheet1!$CF:$CF,ROWS($A$2:$A14)+1)<>"",0,IF(F14="✔",IF(H14="◯",IF(G14="◯",各種設定金額!$K$4,各種設定金額!$K$5),IF(G14="◯",各種設定金額!$K$3,各種設定金額!$K$2)),0)) -> 0 | P14: =IF(F14="✔",各種設定金額!$M$2,0) -> 0 | Q14: =IF(B14<>"",各種設定金額!$D$2,0) -> 0 | S14: =IF(D14="A",各種設定金額!$P$2,IF(D14="B",各種設定金額!$P$3,IF(D14="C",各種設定金額!$P$4,0))) -> 0 | T14: =IF(E14="✔",各種設定金額!$Q$2,0) -> 0 | U14: =SUM(I14:T14) -> 0
A15: =IF(B15="","",IF(SUBTOTAL(103,B15)=0,"",SUBTOTAL(103,$B$2:B15))) | B15: =INDEX(Sheet1!$B:$B,ROWS($A$2:$A15)+1)&"" | I15: =IF(OR(C15="✔",AND(C15="",D15<>"")),各種設定金額!$B$2,IF(C15="2️⃣",各種設定金額!$B$3,IF(AND(C15="",E15="✔"),各種設定金額!$B$4,IF(AND(C15="",E15="",F15="✔"),各種設定金額!$B$5,"")))) | J15: =IF(B15<>"",各種設定金額!$C$2,0) -> 0 | K15: =IF(INDEX(Sheet1!$CF:$CF,ROWS($A$2:$A15)+1)<>"",0,IF(C15="✔",IF(H15="◯",IF(G15="◯",各種設定金額!$H$4,各種設定金額!$H$5),IF(G15="◯",各種設定金額!$H$3,各種設定金額!$H$2)),IF(C15="2️⃣",IF(G15="◯",各種設定金額!$I$3,各種設定金額!$I$2),0))) -> 0 | L15: =IF(OR(C15="✔",C15="2️⃣"),各種設定金額!$M$2,0) -> 0 | M15: =IF(INDEX(Sheet1!$CF:$CF,ROWS($A$2:$A15)+1)<>"",0,IF(E15="✔",IF(H15="◯",IF(G15="◯",各種設定金額!$J$4,各種設定金額!$J$5),IF(G15="◯",各種設定金額!$J$3,各種設定金額!$J$2)),0)) -> 0 | N15: =IF(E15="✔",各種設定金額!$M$2,0) -> 0 | O15: =IF(INDEX(Sheet1!$CF:$CF,ROWS($A$2:$A15)+1)<>"",0,IF(F15="✔",IF(H15="◯",IF(G15="◯",各種設定金額!$K$4,各種設定金額!$K$5),IF(G15="◯",各種設定金額!$K$3,各種設定金額!$K$2)),0)) -> 0 | P15: =IF(F15="✔",各種設定金額!$M$2,0) -> 0 | Q15: =IF(B15<>"",各種設定金額!$D$2,0) -> 0 | S15: =IF(D15="A",各種設定金額!$P$2,IF(D15="B",各種設定金額!$P$3,IF(D15="C",各種設定金額!$P$4,0))) -> 0 | T15: =IF(E15="✔",各種設定金額!$Q$2,0) -> 0 | U15: =SUM(I15:T15) -> 0
A16: =IF(B16="","",IF(SUBTOTAL(103,B16)=0,"",SUBTOTAL(103,$B$2:B16))) | B16: =INDEX(Sheet1!$B:$B,ROWS($A$2:$A16)+1)&"" | I16: =IF(OR(C16="✔",AND(C16="",D16<>"")),各種設定金額!$B$2,IF(C16="2️⃣",各種設定金額!$B$3,IF(AND(C16="",E16="✔"),各種設定金額!$B$4,IF(AND(C16="",E16="",F16="✔"),各種設定金額!$B$5,"")))) | J16: =IF(B16<>"",各種設定金額!$C$2,0) -> 0 | K16: =IF(INDEX(Sheet1!$CF:$CF,ROWS($A$2:$A16)+1)<>"",0,IF(C16="✔",IF(H16="◯",IF(G16="◯",各種設定金額!$H$4,各種設定金額!$H$5),IF(G16="◯",各種設定金額!$H$3,各種設定金額!$H$2)),IF(C16="2️⃣",IF(G16="◯",各種設定金額!$I$3,各種設定金額!$I$2),0))) -> 0 | L16: =IF(OR(C16="✔",C16="2️⃣"),各種設定金額!$M$2,0) -> 0 | M16: =IF(INDEX(Sheet1!$CF:$CF,ROWS($A$2:$A16)+1)<>"",0,IF(E16="✔",IF(H16="◯",IF(G16="◯",各種設定金額!$J$4,各種設定金額!$J$5),IF(G16="◯",各種設定金額!$J$3,各種設定金額!$J$2)),0)) -> 0 | N16: =IF(E16="✔",各種設定金額!$M$2,0) -> 0 | O16: =IF(INDEX(Sheet1!$CF:$CF,ROWS($A$2:$A16)+1)<>"",0,IF(F16="✔",IF(H16="◯",IF(G16="◯",各種設定金額!$K$4,各種設定金額!$K$5),IF(G16="◯",各種設定金額!$K$3,各種設定金額!$K$2)),0)) -> 0 | P16: =IF(F16="✔",各種設定金額!$M$2,0) -> 0 | Q16: =IF(B16<>"",各種設定金額!$D$2,0) -> 0 | S16: =IF(D16="A",各種設定金額!$P$2,IF(D16="B",各種設定金額!$P$3,IF(D16="C",各種設定金額!$P$4,0))) -> 0 | T16: =IF(E16="✔",各種設定金額!$Q$2,0) -> 0 | U16: =SUM(I16:T16) -> 0
A17: =IF(B17="","",IF(SUBTOTAL(103,B17)=0,"",SUBTOTAL(103,$B$2:B17))) | B17: =INDEX(Sheet1!$B:$B,ROWS($A$2:$A17)+1)&"" | I17: =IF(OR(C17="✔",AND(C17="",D17<>"")),各種設定金額!$B$2,IF(C17="2️⃣",各種設定金額!$B$3,IF(AND(C17="",E17="✔"),各種設定金額!$B$4,IF(AND(C17="",E17="",F17="✔"),各種設定金額!$B$5,"")))) | J17: =IF(B17<>"",各種設定金額!$C$2,0) -> 0 | K17: =IF(INDEX(Sheet1!$CF:$CF,ROWS($A$2:$A17)+1)<>"",0,IF(C17="✔",IF(H17="◯",IF(G17="◯",各種設定金額!$H$4,各種設定金額!$H$5),IF(G17="◯",各種設定金額!$H$3,各種設定金額!$H$2)),IF(C17="2️⃣",IF(G17="◯",各種設定金額!$I$3,各種設定金額!$I$2),0))) -> 0 | L17: =IF(OR(C17="✔",C17="2️⃣"),各種設定金額!$M$2,0) -> 0 | M17: =IF(INDEX(Sheet1!$CF:$CF,ROWS($A$2:$A17)+1)<>"",0,IF(E17="✔",IF(H17="◯",IF(G17="◯",各種設定金額!$J$4,各種設定金額!$J$5),IF(G17="◯",各種設定金額!$J$3,各種設定金額!$J$2)),0)) -> 0 | N17: =IF(E17="✔",各種設定金額!$M$2,0) -> 0 | O17: =IF(INDEX(Sheet1!$CF:$CF,ROWS($A$2:$A17)+1)<>"",0,IF(F17="✔",IF(H17="◯",IF(G17="◯",各種設定金額!$K$4,各種設定金額!$K$5),IF(G17="◯",各種設定金額!$K$3,各種設定金額!$K$2)),0)) -> 0 | P17: =IF(F17="✔",各種設定金額!$M$2,0) -> 0 | Q17: =IF(B17<>"",各種設定金額!$D$2,0) -> 0 | S17: =IF(D17="A",各種設定金額!$P$2,IF(D17="B",各種設定金額!$P$3,IF(D17="C",各種設定金額!$P$4,0))) -> 0 | T17: =IF(E17="✔",各種設定金額!$Q$2,0) -> 0 | U17: =SUM(I17:T17) -> 0
A18: =IF(B18="","",IF(SUBTOTAL(103,B18)=0,"",SUBTOTAL(103,$B$2:B18))) | B18: =INDEX(Sheet1!$B:$B,ROWS($A$2:$A18)+1)&"" | I18: =IF(OR(C18="✔",AND(C18="",D18<>"")),各種設定金額!$B$2,IF(C18="2️⃣",各種設定金額!$B$3,IF(AND(C18="",E18="✔"),各種設定金額!$B$4,IF(AND(C18="",E18="",F18="✔"),各種設定金額!$B$5,"")))) | J18: =IF(B18<>"",各種設定金額!$C$2,0) -> 0 | K18: =IF(INDEX(Sheet1!$CF:$CF,ROWS($A$2:$A18)+1)<>"",0,IF(C18="✔",IF(H18="◯",IF(G18="◯",各種設定金額!$H$4,各種設定金額!$H$5),IF(G18="◯",各種設定金額!$H$3,各種設定金額!$H$2)),IF(C18="2️⃣",IF(G18="◯",各種設定金額!$I$3,各種設定金額!$I$2),0))) -> 0 | L18: =IF(OR(C18="✔",C18="2️⃣"),各種設定金額!$M$2,0) -> 0 | M18: =IF(INDEX(Sheet1!$CF:$CF,ROWS($A$2:$A18)+1)<>"",0,IF(E18="✔",IF(H18="◯",IF(G18="◯",各種設定金額!$J$4,各種設定金額!$J$5),IF(G18="◯",各種設定金額!$J$3,各種設定金額!$J$2)),0)) -> 0 | N18: =IF(E18="✔",各種設定金額!$M$2,0) -> 0 | O18: =IF(INDEX(Sheet1!$CF:$CF,ROWS($A$2:$A18)+1)<>"",0,IF(F18="✔",IF(H18="◯",IF(G18="◯",各種設定金額!$K$4,各種設定金額!$K$5),IF(G18="◯",各種設定金額!$K$3,各種設定金額!$K$2)),0)) -> 0 | P18: =IF(F18="✔",各種設定金額!$M$2,0) -> 0 | Q18: =IF(B18<>"",各種設定金額!$D$2,0) -> 0 | S18: =IF(D18="A",各種設定金額!$P$2,IF(D18="B",各種設定金額!$P$3,IF(D18="C",各種設定金額!$P$4,0))) -> 0 | T18: =IF(E18="✔",各種設定金額!$Q$2,0) -> 0 | U18: =SUM(I18:T18) -> 0
... A151: =IF(B151="","",IF(SUBTOTAL(103,B151)=0,"",SUBTOTAL(103,$B$2:B151))) | B151: =INDEX(Sheet1!$B:$B,ROWS($A$2:$A151)+1)&"" | I151: =IF(OR(C151="✔",AND(C151="",D151<>"")),各種設定金額!$B$2,IF(C151="2️⃣",各種設定金額!$B$3,IF(AND(C151="",E151="✔"),各種設定金額!$B$4,IF(AND(C151="",E151="",F151="✔"),各種設定金額!$B$5,"")))) | J151: =IF(B151<>"",各種設定金額!$C$2,0) -> 0 | K151: =IF(INDEX(Sheet1!$CF:$CF,ROWS($A$2:$A151)+1)<>"",0,IF(C151="✔",IF(H151="◯",IF(G151="◯",各種設定金額!$H$4,各種設定金額!$H$5),IF(G151="◯",各種設定金額!$H$3,各種設定金額!$H$2)),IF(C151="2️⃣",IF(G151="◯",各種設定金額!$I$3,各種設定金額!$I$2),0))) -> 0 | L151: =IF(OR(C151="✔",C151="2️⃣"),各種設定金額!$M$2,0) -> 0 | M151: =IF(INDEX(Sheet1!$CF:$CF,ROWS($A$2:$A151)+1)<>"",0,IF(E151="✔",IF(H151="◯",IF(G151="◯",各種設定金額!$J$4,各種設定金額!$J$5),IF(G151="◯",各種設定金額!$J$3,各種設定金額!$J$2)),0)) -> 0 | N151: =IF(E151="✔",各種設定金額!$M$2,0) -> 0 | O151: =IF(INDEX(Sheet1!$CF:$CF,ROWS($A$2:$A151)+1)<>"",0,IF(F151="✔",IF(H151="◯",IF(G151="◯",各種設定金額!$K$4,各種設定金額!$K$5),IF(G151="◯",各種設定金額!$K$3,各種設定金額!$K$2)),0)) -> 0 | P151: =IF(F151="✔",各種設定金額!$M$2,0) -> 0 | Q151: =IF(B151<>"",各種設定金額!$D$2,0) -> 0 | S151: =IF(D151="A",各種設定金額!$P$2,IF(D151="B",各種設定金額!$P$3,IF(D151="C",各種設定金額!$P$4,0))) -> 0 | T151: =IF(E151="✔",各種設定金額!$Q$2,0) -> 0 | U151: =SUM(I151:T151) -> 0
I152: =SUBTOTAL(109,I2:I151) -> 17500 | J152: =SUBTOTAL(109,J2:J151) -> 30000 | K152: =SUBTOTAL(109,K2:K151) -> 22000 | L152: =SUBTOTAL(109,L2:L151) -> 5400 | M152: =SUBTOTAL(109,M2:M151) -> 17800 | N152: =SUBTOTAL(109,N2:N151) -> 5400 | O152: =SUBTOTAL(109,O2:O151) -> 5500 | P152: =SUBTOTAL(109,P2:P151) -> 3600 | ... U152: =SUBTOTAL(109,U2:U151) -> 163700
I153: 大日本 猟友会費 | J153: ○○県 猟友会費 | K153: 銃猟 狩猟税 | L153: 銃登録 手数料 | M153: わな猟 狩猟税 | N153: わな登録 手数料 | O153: 網 狩猟税 | P153: 網登録 手数料 | Q153: 支部 年会費 | R153: 支部 入会金 | S153: ハンター 保険 | T153: わな 保険
I154: =SUMPRODUCT(SUBTOTAL(103,OFFSET($B$2,ROW($I$2:$I$151)-2,0))*($I$2:$I$151=各種設定金額!B2))&"×"&各種設定金額!B2 -> 2×4800 | J154: =SUMPRODUCT(SUBTOTAL(103,OFFSET($B$2,ROW($J$2:$J$151)-2,0))*($J$2:$J$151=各種設定金額!C2))&"×"&各種設定金額!C2 -> 5×6000 | K154: =SUMPRODUCT(SUBTOTAL(103,OFFSET($B$2,ROW($K$2:$K$151)-2,0))*($K$2:$K$151=各種設定金額!H2))&"×"&各種設定金額!H2 -> 1×16500 | L154: =SUMPRODUCT(SUBTOTAL(103,OFFSET($B$2,ROW($L$2:$L$151)-2,0))*($L$2:$L$151=各種設定金額!M2))&"×"&各種設定金額!M2 -> 3×1800 | M154: =SUMPRODUCT(SUBTOTAL(103,OFFSET($B$2,ROW($M$2:$M$151)-2,0))*($M$2:$M$151=各種設定金額!J2))&"×"&各種設定金額!J2 -> 1×8200 | N154: =SUMPRODUCT(SUBTOTAL(103,OFFSET($B$2,ROW($N$2:$N$151)-2,0))*($N$2:$N$151=各種設定金額!M2))&"×"&各種設定金額!M2 -> 3×1800 | O154: =SUMPRODUCT(SUBTOTAL(103,OFFSET($B$2,ROW($O$2:$O$151)-2,0))*($O$2:$O$151=各種設定金額!$K$2))&"×"&各種設定金額!$K$2 -> 0×8200 | P154: =SUMPRODUCT(SUBTOTAL(103,OFFSET($B$2,ROW($P$2:$P$151)-2,0))*($P$2:$P$151=各種設定金額!$M$2))&"×"&各種設定金額!$M$2 -> 2×1800 | Q154: =SUMPRODUCT(SUBTOTAL(103,OFFSET($B$2,ROW($Q$2:$Q$151)-2,0))*($Q$2:$Q$151=各種設定金額!D2))&"×"&各種設定金額!D2 -> 5×5000 | R154: =SUMPRODUCT(SUBTOTAL(103,OFFSET($B$2,ROW($R$2:$R$151)-2,0))*($R$2:$R$151=各種設定金額!$E$2))&"×"&各種設定金額!$E$2 -> 1×10000 | S154: =SUMPRODUCT(SUBTOTAL(103,OFFSET($B$2,ROW($S$2:$S$151)-2,0))*($S$2:$S$151=各種設定金額!P2))&"×"&各種設定金額!P2 -> 1×7290 | T154: =SUMPRODUCT(SUBTOTAL(103,OFFSET($B$2,ROW($T$2:$T$151)-2,0))*($T$2:$T$151=各種設定金額!Q2))&"×"&各種設定金額!Q2 -> 3×1200
I155: =SUMPRODUCT(SUBTOTAL(103,OFFSET($B$2,ROW($I$2:$I$151)-2,0))*($I$2:$I$151=各種設定金額!B3))&"×"&各種設定金額!B3 -> 1×3300 | K155: =SUMPRODUCT(SUBTOTAL(103,OFFSET($B$2,ROW($K$2:$K$151)-2,0))*($K$2:$K$151=各種設定金額!H5))&"×"&各種設定金額!H5 -> 0×11000 | M155: =SUMPRODUCT(SUBTOTAL(103,OFFSET($B$2,ROW($M$2:$M$151)-2,0))*($M$2:$M$151=各種設定金額!J5))&"×"&各種設定金額!J5 -> 1×5500 | O155: =SUMPRODUCT(SUBTOTAL(103,OFFSET($B$2,ROW($O$2:$O$151)-2,0))*($O$2:$O$151=各種設定金額!$K$5))&"×"&各種設定金額!$K$5 -> 1×5500 | S155: =SUMPRODUCT(SUBTOTAL(103,OFFSET($B$2,ROW($S$2:$S$151)-2,0))*($S$2:$S$151=各種設定金額!P3))&"×"&各種設定金額!P3 -> 1×5960
I156: =SUMPRODUCT(SUBTOTAL(103,OFFSET($B$2,ROW($I$2:$I$151)-2,0))*($I$2:$I$151=各種設定金額!B4))&"×"&各種設定金額!B4 -> 2×2300 | K156: =SUMPRODUCT(SUBTOTAL(103,OFFSET($B$2,ROW($K$2:$K$151)-2,0))*($K$2:$K$151=各種設定金額!H3))&"×"&各種設定金額!H3 -> 0×8200 | M156: =SUMPRODUCT(SUBTOTAL(103,OFFSET($B$2,ROW($M$2:$M$151)-2,0))*($M$2:$M$151=各種設定金額!J3))&"×"&各種設定金額!J3 -> 1×4100 | O156: =SUMPRODUCT(SUBTOTAL(103,OFFSET($B$2,ROW($O$2:$O$151)-2,0))*($O$2:$O$151=各種設定金額!$K$3))&"×"&各種設定金額!$K$3 -> 0×4100 | S156: =SUMPRODUCT(SUBTOTAL(103,OFFSET($B$2,ROW($S$2:$S$151)-2,0))*($S$2:$S$151=各種設定金額!P4))&"×"&各種設定金額!P4 -> 1×4650
K157: =SUMPRODUCT(SUBTOTAL(103,OFFSET($B$2,ROW($K$2:$K$151)-2,0))*($K$2:$K$151=各種設定金額!H4))&"×"&各種設定金額!H4 -> 1×5500 | M157: =SUMPRODUCT(SUBTOTAL(103,OFFSET($B$2,ROW($M$2:$M$151)-2,0))*($M$2:$M$151=各種設定金額!J4))&"×"&各種設定金額!J4 -> 0×2700 | O157: =SUMPRODUCT(SUBTOTAL(103,OFFSET($B$2,ROW($O$2:$O$151)-2,0))*($O$2:$O$151=各種設定金額!$K$4))&"×"&各種設定金額!$K$4 -> 0×2700
K158: =SUMPRODUCT(SUBTOTAL(103,OFFSET($B$2,ROW($K$2:$K$151)-2,0))*($K$2:$K$151=各種設定金額!I3))&"×"&各種設定金額!I3 -> 0×2700

Sheet 各種設定金額
B1: 大日本 猟友会費 | C1: ○○県 猟友会費 | D1: 支部 年会費 | E1: 支部 入会金 | H1: 銃一種 狩猟税 | I1: 銃二種 狩猟税 | J1: わな 狩猟税 | K1: 網 狩猟税 | M1: 登録 手数料 | P1: 銃 保険 | Q1: わな 保険
A2: 第一種銃猟 | B2: 4800 | C2: 6000 | D2: 5000 | E2: 10000 | G2: 一般・新規 | H2: 16500 | I2: 5500 | J2: 8200 | K2: 8200 | M2: 1800 | O2: A | P2: 7290 | Q2: 1200
A3: 第二種銃猟 | B3: 3300 | G3: 有害 | H3: 8200 | I3: 2700 | J3: 4100 | K3: 4100 | O3: B | P3: 5960
A4: わな猟 | B4: 2300 | G4: 有害+減免 | H4: 5500 | J4: 2700 | K4: 2700 | O4: C | P4: 4650
A5: 網猟 | B5: 2300 | G5: 減免 | H5: 11000 | J5: 5500 | K5: 5500
A7: 都道府県 | C7: 都道府県を選択してください
C8: Sheet1 の銃免状1・わな免状1・網免状1 の欄に自動で挿入されます

Sheet 有害安全講習参加名簿
A1: 有害鳥獣捕獲等従事者安全講習会参加者名簿
A2: 開 催 日 時 : 令和 年 月 日( ) : ～ | I2: ○○県猟友会 ○○支部
A3: 開 催 場 所 : | I3: 支部長 ㊞
A4: No. | B4: 氏 名 | C4: 生年月日 | D4: 電話番号 | E4: 郵便番号 | F4: 住 所 | G4: 資 格 | I4: 備考
G5: 銃 | H5: わな
A6: =IF(B6="","",SUBTOTAL(103, $B$6:B6)) -> 1 | B6: =INDEX(Sheet1!$B:$B,ROWS($A$6:$A6)+1)&"" -> 見本 太郎 | C6: =IF(INDEX(Sheet1!$N:$N,ROWS($A$6:$A6)+1)="","",INDEX(Sheet1!$N:$N,ROWS($A$6:$A6)+1)) -> 23833 | D6: =IF(INDEX(Sheet1!$T:$T,ROWS($A$6:$A6)+1)<>"", INDEX(Sheet1!$T:$T,ROWS($A$6:$A6)+1), IF(INDEX(Sheet1!$O:$O,ROWS($A$6:$A6)+1)<>"", INDEX(Sheet1!$O:$O,ROWS($A$6:$A6)+1), "")) -> 000-000-0001 | E6: =INDEX(Sheet1!$Y:$Y,ROWS($A$6:$A6)+1)&"" -> 000-0001 | F6: =INDEX(Sheet1!$AC:$AC,ROWS($A$6:$A6)+1)&"" -> 見本市見本町1丁目2-3 | G6: =IF(INDEX(Sheet1!$AM:$AM,ROWS($A$6:$A6)+1)<>"", "◯", "") -> ◯ | H6: =IF(INDEX(Sheet1!$BA:$BA,ROWS($A$6:$A6)+1)<>"", "◯", "") -> ◯
A7: =IF(B7="","",SUBTOTAL(103, $B$6:B7)) -> 2 | B7: =INDEX(Sheet1!$B:$B,ROWS($A$6:$A7)+1)&"" -> 例示 花子 | C7: =IF(INDEX(Sheet1!$N:$N,ROWS($A$6:$A7)+1)="","",INDEX(Sheet1!$N:$N,ROWS($A$6:$A7)+1)) -> 29417 | D7: =IF(INDEX(Sheet1!$T:$T,ROWS($A$6:$A7)+1)<>"", INDEX(Sheet1!$T:$T,ROWS($A$6:$A7)+1), IF(INDEX(Sheet1!$O:$O,ROWS($A$6:$A7)+1)<>"", INDEX(Sheet1!$O:$O,ROWS($A$6:$A7)+1), "")) -> 080-0000-0002 | E7: =INDEX(Sheet1!$Y:$Y,ROWS($A$6:$A7)+1)&"" -> 000-0002 | F7: =INDEX(Sheet1!$AC:$AC,ROWS($A$6:$A7)+1)&"" -> 例示市例示町2丁目3-4 | G7: =IF(INDEX(Sheet1!$AM:$AM,ROWS($A$6:$A7)+1)<>"", "◯", "") | H7: =IF(INDEX(Sheet1!$BA:$BA,ROWS($A$6:$A7)+1)<>"", "◯", "") -> ◯
A8: =IF(B8="","",SUBTOTAL(103, $B$6:B8)) -> 3 | B8: =INDEX(Sheet1!$B:$B,ROWS($A$6:$A8)+1)&"" -> 記入 次郎 | C8: =IF(INDEX(Sheet1!$N:$N,ROWS($A$6:$A8)+1)="","",INDEX(Sheet1!$N:$N,ROWS($A$6:$A8)+1)) -> 21509 | D8: =IF(INDEX(Sheet1!$T:$T,ROWS($A$6:$A8)+1)<>"", INDEX(Sheet1!$T:$T,ROWS($A$6:$A8)+1), IF(INDEX(Sheet1!$O:$O,ROWS($A$6:$A8)+1)<>"", INDEX(Sheet1!$O:$O,ROWS($A$6:$A8)+1), "")) -> 070-0000-0003 | E8: =INDEX(Sheet1!$Y:$Y,ROWS($A$6:$A8)+1)&"" -> 000-0003 | F8: =INDEX(Sheet1!$AC:$AC,ROWS($A$6:$A8)+1)&"" -> 記入市記入町3丁目4-5 | G8: =IF(INDEX(Sheet1!$AM:$AM,ROWS($A$6:$A8)+1)<>"", "◯", "") -> ◯ | H8: =IF(INDEX(Sheet1!$BA:$BA,ROWS($A$6:$A8)+1)<>"", "◯", "")
A9: =IF(B9="","",SUBTOTAL(103, $B$6:B9)) -> 4 | B9: =INDEX(Sheet1!$B:$B,ROWS($A$6:$A9)+1)&"" -> 試験 三郎 | C9: =IF(INDEX(Sheet1!$N:$N,ROWS($A$6:$A9)+1)="","",INDEX(Sheet1!$N:$N,ROWS($A$6:$A9)+1)) -> 26357 | D9: =IF(INDEX(Sheet1!$T:$T,ROWS($A$6:$A9)+1)<>"", INDEX(Sheet1!$T:$T,ROWS($A$6:$A9)+1), IF(INDEX(Sheet1!$O:$O,ROWS($A$6:$A9)+1)<>"", INDEX(Sheet1!$O:$O,ROWS($A$6:$A9)+1), "")) -> 000-000-0004 | E9: =INDEX(Sheet1!$Y:$Y,ROWS($A$6:$A9)+1)&"" -> 000-0004 | F9: =INDEX(Sheet1!$AC:$AC,ROWS($A$6:$A9)+1)&"" -> 試験市試験町4丁目5-6 | G9: =IF(INDEX(Sheet1!$AM:$AM,ROWS($A$6:$A9)+1)<>"", "◯", "") -> ◯ | H9: =IF(INDEX(Sheet1!$BA:$BA,ROWS($A$6:$A9)+1)<>"", "◯", "")
A10: =IF(B10="","",SUBTOTAL(103, $B$6:B10)) -> 5 | B10: =INDEX(Sheet1!$B:$B,ROWS($A$6:$A10)+1)&"" -> 架空 良子 | C10: =IF(INDEX(Sheet1!$N:$N,ROWS($A$6:$A10)+1)="","",INDEX(Sheet1!$N:$N,ROWS($A$6:$A10)+1)) -> 33212 | D10: =IF(INDEX(Sheet1!$T:$T,ROWS($A$6:$A10)+1)<>"", INDEX(Sheet1!$T:$T,ROWS($A$6:$A10)+1), IF(INDEX(Sheet1!$O:$O,ROWS($A$6:$A10)+1)<>"", INDEX(Sheet1!$O:$O,ROWS($A$6:$A10)+1), "")) -> 080-0000-0005 | E10: =INDEX(Sheet1!$Y:$Y,ROWS($A$6:$A10)+1)&"" -> 000-0005 | F10: =INDEX(Sheet1!$AC:$AC,ROWS($A$6:$A10)+1)&"" -> 架空市架空町5丁目6-7 | G10: =IF(INDEX(Sheet1!$AM:$AM,ROWS($A$6:$A10)+1)<>"", "◯", "") | H10: =IF(INDEX(Sheet1!$BA:$BA,ROWS($A$6:$A10)+1)<>"", "◯", "") -> ◯
A11: =IF(B11="","",SUBTOTAL(103, $B$6:B11)) | B11: =INDEX(Sheet1!$B:$B,ROWS($A$6:$A11)+1)&"" | C11: =IF(INDEX(Sheet1!$N:$N,ROWS($A$6:$A11)+1)="","",INDEX(Sheet1!$N:$N,ROWS($A$6:$A11)+1)) | D11: =IF(INDEX(Sheet1!$T:$T,ROWS($A$6:$A11)+1)<>"", INDEX(Sheet1!$T:$T,ROWS($A$6:$A11)+1), IF(INDEX(Sheet1!$O:$O,ROWS($A$6:$A11)+1)<>"", INDEX(Sheet1!$O:$O,ROWS($A$6:$A11)+1), "")) | E11: =INDEX(Sheet1!$Y:$Y,ROWS($A$6:$A11)+1)&"" | F11: =INDEX(Sheet1!$AC:$AC,ROWS($A$6:$A11)+1)&"" | G11: =IF(INDEX(Sheet1!$AM:$AM,ROWS($A$6:$A11)+1)<>"", "◯", "") | H11: =IF(INDEX(Sheet1!$BA:$BA,ROWS($A$6:$A11)+1)<>"", "◯", "")
A12: =IF(B12="","",SUBTOTAL(103, $B$6:B12)) | B12: =INDEX(Sheet1!$B:$B,ROWS($A$6:$A12)+1)&"" | C12: =IF(INDEX(Sheet1!$N:$N,ROWS($A$6:$A12)+1)="","",INDEX(Sheet1!$N:$N,ROWS($A$6:$A12)+1)) | D12: =IF(INDEX(Sheet1!$T:$T,ROWS($A$6:$A12)+1)<>"", INDEX(Sheet1!$T:$T,ROWS($A$6:$A12)+1), IF(INDEX(Sheet1!$O:$O,ROWS($A$6:$A12)+1)<>"", INDEX(Sheet1!$O:$O,ROWS($A$6:$A12)+1), "")) | E12: =INDEX(Sheet1!$Y:$Y,ROWS($A$6:$A12)+1)&"" | F12: =INDEX(Sheet1!$AC:$AC,ROWS($A$6:$A12)+1)&"" | G12: =IF(INDEX(Sheet1!$AM:$AM,ROWS($A$6:$A12)+1)<>"", "◯", "") | H12: =IF(INDEX(Sheet1!$BA:$BA,ROWS($A$6:$A12)+1)<>"", "◯", "")
A13: =IF(B13="","",SUBTOTAL(103, $B$6:B13)) | B13: =INDEX(Sheet1!$B:$B,ROWS($A$6:$A13)+1)&"" | C13: =IF(INDEX(Sheet1!$N:$N,ROWS($A$6:$A13)+1)="","",INDEX(Sheet1!$N:$N,ROWS($A$6:$A13)+1)) | D13: =IF(INDEX(Sheet1!$T:$T,ROWS($A$6:$A13)+1)<>"", INDEX(Sheet1!$T:$T,ROWS($A$6:$A13)+1), IF(INDEX(Sheet1!$O:$O,ROWS($A$6:$A13)+1)<>"", INDEX(Sheet1!$O:$O,ROWS($A$6:$A13)+1), "")) | E13: =INDEX(Sheet1!$Y:$Y,ROWS($A$6:$A13)+1)&"" | F13: =INDEX(Sheet1!$AC:$AC,ROWS($A$6:$A13)+1)&"" | G13: =IF(INDEX(Sheet1!$AM:$AM,ROWS($A$6:$A13)+1)<>"", "◯", "") | H13: =IF(INDEX(Sheet1!$BA:$BA,ROWS($A$6:$A13)+1)<>"", "◯", "")
A14: =IF(B14="","",SUBTOTAL(103, $B$6:B14)) | B14: =INDEX(Sheet1!$B:$B,ROWS($A$6:$A14)+1)&"" | C14: =IF(INDEX(Sheet1!$N:$N,ROWS($A$6:$A14)+1)="","",INDEX(Sheet1!$N:$N,ROWS($A$6:$A14)+1)) | D14: =IF(INDEX(Sheet1!$T:$T,ROWS($A$6:$A14)+1)<>"", INDEX(Sheet1!$T:$T,ROWS($A$6:$A14)+1), IF(INDEX(Sheet1!$O:$O,ROWS($A$6:$A14)+1)<>"", INDEX(Sheet1!$O:$O,ROWS($A$6:$A14)+1), "")) | E14: =INDEX(Sheet1!$Y:$Y,ROWS($A$6:$A14)+1)&"" | F14: =INDEX(Sheet1!$AC:$AC,ROWS($A$6:$A14)+1)&"" | G14: =IF(INDEX(Sheet1!$AM:$AM,ROWS($A$6:$A14)+1)<>"", "◯", "") | H14: =IF(INDEX(Sheet1!$BA:$BA,ROWS($A$6:$A14)+1)<>"", "◯", "")
A15: =IF(B15="","",SUBTOTAL(103, $B$6:B15)) | B15: =INDEX(Sheet1!$B:$B,ROWS($A$6:$A15)+1)&"" | C15: =IF(INDEX(Sheet1!$N:$N,ROWS($A$6:$A15)+1)="","",INDEX(Sheet1!$N:$N,ROWS($A$6:$A15)+1)) | D15: =IF(INDEX(Sheet1!$T:$T,ROWS($A$6:$A15)+1)<>"", INDEX(Sheet1!$T:$T,ROWS($A$6:$A15)+1), IF(INDEX(Sheet1!$O:$O,ROWS($A$6:$A15)+1)<>"", INDEX(Sheet1!$O:$O,ROWS($A$6:$A15)+1), "")) | E15: =INDEX(Sheet1!$Y:$Y,ROWS($A$6:$A15)+1)&"" | F15: =INDEX(Sheet1!$AC:$AC,ROWS($A$6:$A15)+1)&"" | G15: =IF(INDEX(Sheet1!$AM:$AM,ROWS($A$6:$A15)+1)<>"", "◯", "") | H15: =IF(INDEX(Sheet1!$BA:$BA,ROWS($A$6:$A15)+1)<>"", "◯", "")
A16: =IF(B16="","",SUBTOTAL(103, $B$6:B16)) | B16: =INDEX(Sheet1!$B:$B,ROWS($A$6:$A16)+1)&"" | C16: =IF(INDEX(Sheet1!$N:$N,ROWS($A$6:$A16)+1)="","",INDEX(Sheet1!$N:$N,ROWS($A$6:$A16)+1)) | D16: =IF(INDEX(Sheet1!$T:$T,ROWS($A$6:$A16)+1)<>"", INDEX(Sheet1!$T:$T,ROWS($A$6:$A16)+1), IF(INDEX(Sheet1!$O:$O,ROWS($A$6:$A16)+1)<>"", INDEX(Sheet1!$O:$O,ROWS($A$6:$A16)+1), "")) | E16: =INDEX(Sheet1!$Y:$Y,ROWS($A$6:$A16)+1)&"" | F16: =INDEX(Sheet1!$AC:$AC,ROWS($A$6:$A16)+1)&"" | G16: =IF(INDEX(Sheet1!$AM:$AM,ROWS($A$6:$A16)+1)<>"", "◯", "") | H16: =IF(INDEX(Sheet1!$BA:$BA,ROWS($A$6:$A16)+1)<>"", "◯", "")
A17: =IF(B17="","",SUBTOTAL(103, $B$6:B17)) | B17: =INDEX(Sheet1!$B:$B,ROWS($A$6:$A17)+1)&"" | C17: =IF(INDEX(Sheet1!$N:$N,ROWS($A$6:$A17)+1)="","",INDEX(Sheet1!$N:$N,ROWS($A$6:$A17)+1)) | D17: =IF(INDEX(Sheet1!$T:$T,ROWS($A$6:$A17)+1)<>"", INDEX(Sheet1!$T:$T,ROWS($A$6:$A17)+1), IF(INDEX(Sheet1!$O:$O,ROWS($A$6:$A17)+1)<>"", INDEX(Sheet1!$O:$O,ROWS($A$6:$A17)+1), "")) | E17: =INDEX(Sheet1!$Y:$Y,ROWS($A$6:$A17)+1)&"" | F17: =INDEX(Sheet1!$AC:$AC,ROWS($A$6:$A17)+1)&"" | G17: =IF(INDEX(Sheet1!$AM:$AM,ROWS($A$6:$A17)+1)<>"", "◯", "") | H17: =IF(INDEX(Sheet1!$BA:$BA,ROWS($A$6:$A17)+1)<>"", "◯", "")
... A155: =IF(B155="","",SUBTOTAL(103, $B$6:B155)) | B155: =INDEX(Sheet1!$B:$B,ROWS($A$6:$A155)+1)&"" | C155: =IF(INDEX(Sheet1!$N:$N,ROWS($A$6:$A155)+1)="","",INDEX(Sheet1!$N:$N,ROWS($A$6:$A155)+1)) | D155: =IF(INDEX(Sheet1!$T:$T,ROWS($A$6:$A155)+1)<>"", INDEX(Sheet1!$T:$T,ROWS($A$6:$A155)+1), IF(INDEX(Sheet1!$O:$O,ROWS($A$6:$A155)+1)<>"", INDEX(Sheet1!$O:$O,ROWS($A$6:$A155)+1), "")) | E155: =INDEX(Sheet1!$Y:$Y,ROWS($A$6:$A155)+1)&"" | F155: =INDEX(Sheet1!$AC:$AC,ROWS($A$6:$A155)+1)&"" | G155: =IF(INDEX(Sheet1!$AM:$AM,ROWS($A$6:$A155)+1)<>"", "◯", "") | H155: =IF(INDEX(Sheet1!$BA:$BA,ROWS($A$6:$A155)+1)<>"", "◯", "")

Sheet 有害従事者名簿
A2: 別紙３号
B3: 令和◯年度有害鳥獣駆除等委託業務内容を理解 し、活動に対し適格な者を本名簿により推薦する | H3: 支部の所在地 ：
A4: 鳥獣捕獲等従事者名簿 | H4: 支 部 名 ：
H5: 支 部 長 名 ： ㊞
A6: 住 所 | B6: 氏 名 | C6: 職 業 | D6: 生年月日 | E6: 最近に受けた狩猟免状 | H6: 銃器を使用する場合 | J6: 備 考
E7: 種 類 | F7: 番 号 | G7: 登録証 交付年月日 | H7: 銃器の種類、 猟銃･空気銃 所持許可証の番号 | I7: 許可 年月日
A10: =IF(AND(INDEX(Sheet1!$AM:$AM,INT((ROWS($A$10:$A10)+1)/2)+1)="",INDEX(Sheet1!$BA:$BA,INT((ROWS($A$10:$A10)+1)/2)+1)<>""),"",INDEX(Sheet1!$AC:$AC,INT((ROWS($A$10:$A10)+1)/2)+1)&"") -> 見本市見本町1丁目2-3 | B10: =IF(AND(INDEX(Sheet1!$AM:$AM,INT((ROWS($A$10:$A10)+1)/2)+1)="",INDEX(Sheet1!$BA:$BA,INT((ROWS($A$10:$A10)+1)/2)+1)<>""),"",INDEX(Sheet1!$B:$B,INT((ROWS($A$10:$A10)+1)/2)+1)&"") -> 見本 太郎 | C10: =IF(AND(INDEX(Sheet1!$AM:$AM,INT((ROWS($A$10:$A10)+1)/2)+1)="",INDEX(Sheet1!$BA:$BA,INT((ROWS($A$10:$A10)+1)/2)+1)<>""),"",INDEX(Sheet1!$CN:$CN,INT((ROWS($A$10:$A10)+1)/2)+1)&"") -> 会社員 | D10: =IF(OR(AND(INDEX(Sheet1!$AM:$AM,INT((ROWS($A$10:$A10)+1)/2)+1)="",INDEX(Sheet1!$BA:$BA,INT((ROWS($A$10:$A10)+1)/2)+1)<>""),INDEX(Sheet1!$N:$N,INT((ROWS($A$10:$A10)+1)/2)+1)=""),"",INDEX(Sheet1!$N:$N,INT((ROWS($A$10:$A10)+1)/2)+1)) -> 23833 | E10: =IF(INDEX(Sheet1!$AM:$AM,INT((ROWS($A$10:$A10)+1)/2)+1)<>"","第一種","") -> 第一種 | F10: =IF(E10="","",INDEX(Sheet1!$AO:$AO,INT((ROWS($A$10:$A10)+1)/2)+1)&"") -> 第 ○○ 1234561 号 | G10: =IF(OR(E10="",INDEX(Sheet1!$AY:$AY,INT((ROWS($A$10:$A10)+1)/2)+1)=""),"",INDEX(Sheet1!$AY:$AY,INT((ROWS($A$10:$A10)+1)/2)+1)) -> 45453 | H10: =IF(INDEX(Sheet1!$AD:$AD,INT((ROWS($A$10:$A10)+1)/2)+1)="","",INDEX(Sheet1!$AD:$AD,INT((ROWS($A$10:$A10)+1)/2)+1)) -> 12345678901 | I10: =IF(INDEX(Sheet1!$AK:$AK,INT((ROWS($A$10:$A10)+1)/2)+1)="","",INDEX(Sheet1!$AK:$AK,INT((ROWS($A$10:$A10)+1)/2)+1)) -> 44701
A11: =IF(E11="","",IF(E10="",INDEX(Sheet1!$AC:$AC,INT((ROWS($A$10:$A11)+1)/2)+1)&"","〃")) -> 〃 | B11: =IF(E11="","",IF(E10="",INDEX(Sheet1!$B:$B,INT((ROWS($A$10:$A11)+1)/2)+1)&"","〃")) -> 〃 | C11: =IF(E11="","",IF(E10="",INDEX(Sheet1!$CN:$CN,INT((ROWS($A$10:$A11)+1)/2)+1)&"","〃")) -> 〃 | D11: =IF(E11="","",IF(E10="",IF(INDEX(Sheet1!$N:$N,INT((ROWS($A$10:$A11)+1)/2)+1)="","",INDEX(Sheet1!$N:$N,INT((ROWS($A$10:$A11)+1)/2)+1)),"〃")) -> 〃 | E11: =IF(INDEX(Sheet1!$BA:$BA,INT((ROWS($A$10:$A11)+1)/2)+1)<>"","わな猟","") -> わな猟 | F11: =IF(E11="","",INDEX(Sheet1!$BC:$BC,INT((ROWS($A$10:$A11)+1)/2)+1)&"") -> 第 ○○ 2234561 号 | G11: =IF(E11="","",IF(INDEX(Sheet1!$BM:$BM,INT((ROWS($A$10:$A11)+1)/2)+1)="","",INDEX(Sheet1!$BM:$BM,INT((ROWS($A$10:$A11)+1)/2)+1))) -> 45453
A12: =IF(AND(INDEX(Sheet1!$AM:$AM,INT((ROWS($A$10:$A12)+1)/2)+1)="",INDEX(Sheet1!$BA:$BA,INT((ROWS($A$10:$A12)+1)/2)+1)<>""),"",INDEX(Sheet1!$AC:$AC,INT((ROWS($A$10:$A12)+1)/2)+1)&"") | B12: =IF(AND(INDEX(Sheet1!$AM:$AM,INT((ROWS($A$10:$A12)+1)/2)+1)="",INDEX(Sheet1!$BA:$BA,INT((ROWS($A$10:$A12)+1)/2)+1)<>""),"",INDEX(Sheet1!$B:$B,INT((ROWS($A$10:$A12)+1)/2)+1)&"") | C12: =IF(AND(INDEX(Sheet1!$AM:$AM,INT((ROWS($A$10:$A12)+1)/2)+1)="",INDEX(Sheet1!$BA:$BA,INT((ROWS($A$10:$A12)+1)/2)+1)<>""),"",INDEX(Sheet1!$CN:$CN,INT((ROWS($A$10:$A12)+1)/2)+1)&"") | D12: =IF(OR(AND(INDEX(Sheet1!$AM:$AM,INT((ROWS($A$10:$A12)+1)/2)+1)="",INDEX(Sheet1!$BA:$BA,INT((ROWS($A$10:$A12)+1)/2)+1)<>""),INDEX(Sheet1!$N:$N,INT((ROWS($A$10:$A12)+1)/2)+1)=""),"",INDEX(Sheet1!$N:$N,INT((ROWS($A$10:$A12)+1)/2)+1)) | E12: =IF(INDEX(Sheet1!$AM:$AM,INT((ROWS($A$10:$A12)+1)/2)+1)<>"","第一種","") | F12: =IF(E12="","",INDEX(Sheet1!$AO:$AO,INT((ROWS($A$10:$A12)+1)/2)+1)&"") | G12: =IF(OR(E12="",INDEX(Sheet1!$AY:$AY,INT((ROWS($A$10:$A12)+1)/2)+1)=""),"",INDEX(Sheet1!$AY:$AY,INT((ROWS($A$10:$A12)+1)/2)+1)) | H12: =IF(INDEX(Sheet1!$AD:$AD,INT((ROWS($A$10:$A12)+1)/2)+1)="","",INDEX(Sheet1!$AD:$AD,INT((ROWS($A$10:$A12)+1)/2)+1)) | I12: =IF(INDEX(Sheet1!$AK:$AK,INT((ROWS($A$10:$A12)+1)/2)+1)="","",INDEX(Sheet1!$AK:$AK,INT((ROWS($A$10:$A12)+1)/2)+1))
A13: =IF(E13="","",IF(E12="",INDEX(Sheet1!$AC:$AC,INT((ROWS($A$10:$A13)+1)/2)+1)&"","〃")) -> 例示市例示町2丁目3-4 | B13: =IF(E13="","",IF(E12="",INDEX(Sheet1!$B:$B,INT((ROWS($A$10:$A13)+1)/2)+1)&"","〃")) -> 例示 花子 | C13: =IF(E13="","",IF(E12="",INDEX(Sheet1!$CN:$CN,INT((ROWS($A$10:$A13)+1)/2)+1)&"","〃")) -> 農業 | D13: =IF(E13="","",IF(E12="",IF(INDEX(Sheet1!$N:$N,INT((ROWS($A$10:$A13)+1)/2)+1)="","",INDEX(Sheet1!$N:$N,INT((ROWS($A$10:$A13)+1)/2)+1)),"〃")) -> 29417 | E13: =IF(INDEX(Sheet1!$BA:$BA,INT((ROWS($A$10:$A13)+1)/2)+1)<>"","わな猟","") -> わな猟 | F13: =IF(E13="","",INDEX(Sheet1!$BC:$BC,INT((ROWS($A$10:$A13)+1)/2)+1)&"") -> 第 ○○ 2234562 号 | G13: =IF(E13="","",IF(INDEX(Sheet1!$BM:$BM,INT((ROWS($A$10:$A13)+1)/2)+1)="","",INDEX(Sheet1!$BM:$BM,INT((ROWS($A$10:$A13)+1)/2)+1))) -> 45139
A14: =IF(AND(INDEX(Sheet1!$AM:$AM,INT((ROWS($A$10:$A14)+1)/2)+1)="",INDEX(Sheet1!$BA:$BA,INT((ROWS($A$10:$A14)+1)/2)+1)<>""),"",INDEX(Sheet1!$AC:$AC,INT((ROWS($A$10:$A14)+1)/2)+1)&"") -> 記入市記入町3丁目4-5 | B14: =IF(AND(INDEX(Sheet1!$AM:$AM,INT((ROWS($A$10:$A14)+1)/2)+1)="",INDEX(Sheet1!$BA:$BA,INT((ROWS($A$10:$A14)+1)/2)+1)<>""),"",INDEX(Sheet1!$B:$B,INT((ROWS($A$10:$A14)+1)/2)+1)&"") -> 記入 次郎 | C14: =IF(AND(INDEX(Sheet1!$AM:$AM,INT((ROWS($A$10:$A14)+1)/2)+1)="",INDEX(Sheet1!$BA:$BA,INT((ROWS($A$10:$A14)+1)/2)+1)<>""),"",INDEX(Sheet1!$CN:$CN,INT((ROWS($A$10:$A14)+1)/2)+1)&"") -> 自営業 | D14: =IF(OR(AND(INDEX(Sheet1!$AM:$AM,INT((ROWS($A$10:$A14)+1)/2)+1)="",INDEX(Sheet1!$BA:$BA,INT((ROWS($A$10:$A14)+1)/2)+1)<>""),INDEX(Sheet1!$N:$N,INT((ROWS($A$10:$A14)+1)/2)+1)=""),"",INDEX(Sheet1!$N:$N,INT((ROWS($A$10:$A14)+1)/2)+1)) -> 21509 | E14: =IF(INDEX(Sheet1!$AM:$AM,INT((ROWS($A$10:$A14)+1)/2)+1)<>"","第一種","") -> 第一種 | F14: =IF(E14="","",INDEX(Sheet1!$AO:$AO,INT((ROWS($A$10:$A14)+1)/2)+1)&"") -> 第 ○○ 1234563 号 | G14: =IF(OR(E14="",INDEX(Sheet1!$AY:$AY,INT((ROWS($A$10:$A14)+1)/2)+1)=""),"",INDEX(Sheet1!$AY:$AY,INT((ROWS($A$10:$A14)+1)/2)+1)) -> 45839 | H14: =IF(INDEX(Sheet1!$AD:$AD,INT((ROWS($A$10:$A14)+1)/2)+1)="","",INDEX(Sheet1!$AD:$AD,INT((ROWS($A$10:$A14)+1)/2)+1)) -> 12345678903 | I14: =IF(INDEX(Sheet1!$AK:$AK,INT((ROWS($A$10:$A14)+1)/2)+1)="","",INDEX(Sheet1!$AK:$AK,INT((ROWS($A$10:$A14)+1)/2)+1)) -> 44270
A15: =IF(E15="","",IF(E14="",INDEX(Sheet1!$AC:$AC,INT((ROWS($A$10:$A15)+1)/2)+1)&"","〃")) | B15: =IF(E15="","",IF(E14="",INDEX(Sheet1!$B:$B,INT((ROWS($A$10:$A15)+1)/2)+1)&"","〃")) | C15: =IF(E15="","",IF(E14="",INDEX(Sheet1!$CN:$CN,INT((ROWS($A$10:$A15)+1)/2)+1)&"","〃")) | D15: =IF(E15="","",IF(E14="",IF(INDEX(Sheet1!$N:$N,INT((ROWS($A$10:$A15)+1)/2)+1)="","",INDEX(Sheet1!$N:$N,INT((ROWS($A$10:$A15)+1)/2)+1)),"〃")) | E15: =IF(INDEX(Sheet1!$BA:$BA,INT((ROWS($A$10:$A15)+1)/2)+1)<>"","わな猟","") | F15: =IF(E15="","",INDEX(Sheet1!$BC:$BC,INT((ROWS($A$10:$A15)+1)/2)+1)&"") | G15: =IF(E15="","",IF(INDEX(Sheet1!$BM:$BM,INT((ROWS($A$10:$A15)+1)/2)+1)="","",INDEX(Sheet1!$BM:$BM,INT((ROWS($A$10:$A15)+1)/2)+1)))
A16: =IF(AND(INDEX(Sheet1!$AM:$AM,INT((ROWS($A$10:$A16)+1)/2)+1)="",INDEX(Sheet1!$BA:$BA,INT((ROWS($A$10:$A16)+1)/2)+1)<>""),"",INDEX(Sheet1!$AC:$AC,INT((ROWS($A$10:$A16)+1)/2)+1)&"") -> 試験市試験町4丁目5-6 | B16: =IF(AND(INDEX(Sheet1!$AM:$AM,INT((ROWS($A$10:$A16)+1)/2)+1)="",INDEX(Sheet1!$BA:$BA,INT((ROWS($A$10:$A16)+1)/2)+1)<>""),"",INDEX(Sheet1!$B:$B,INT((ROWS($A$10:$A16)+1)/2)+1)&"") -> 試験 三郎 | C16: =IF(AND(INDEX(Sheet1!$AM:$AM,INT((ROWS($A$10:$A16)+1)/2)+1)="",INDEX(Sheet1!$BA:$BA,INT((ROWS($A$10:$A16)+1)/2)+1)<>""),"",INDEX(Sheet1!$CN:$CN,INT((ROWS($A$10:$A16)+1)/2)+1)&"") -> 公務員 | D16: =IF(OR(AND(INDEX(Sheet1!$AM:$AM,INT((ROWS($A$10:$A16)+1)/2)+1)="",INDEX(Sheet1!$BA:$BA,INT((ROWS($A$10:$A16)+1)/2)+1)<>""),INDEX(Sheet1!$N:$N,INT((ROWS($A$10:$A16)+1)/2)+1)=""),"",INDEX(Sheet1!$N:$N,INT((ROWS($A$10:$A16)+1)/2)+1)) -> 26357 | E16: =IF(INDEX(Sheet1!$AM:$AM,INT((ROWS($A$10:$A16)+1)/2)+1)<>"","第一種","") -> 第一種 | F16: =IF(E16="","",INDEX(Sheet1!$AO:$AO,INT((ROWS($A$10:$A16)+1)/2)+1)&"") -> 第 ○○ 1234564 号 | G16: =IF(OR(E16="",INDEX(Sheet1!$AY:$AY,INT((ROWS($A$10:$A16)+1)/2)+1)=""),"",INDEX(Sheet1!$AY:$AY,INT((ROWS($A$10:$A16)+1)/2)+1)) -> 45026 | H16: =IF(INDEX(Sheet1!$AD:$AD,INT((ROWS($A$10:$A16)+1)/2)+1)="","",INDEX(Sheet1!$AD:$AD,INT((ROWS($A$10:$A16)+1)/2)+1)) -> 12345678904 | I16: =IF(INDEX(Sheet1!$AK:$AK,INT((ROWS($A$10:$A16)+1)/2)+1)="","",INDEX(Sheet1!$AK:$AK,INT((ROWS($A$10:$A16)+1)/2)+1)) -> 44075
A17: =IF(E17="","",IF(E16="",INDEX(Sheet1!$AC:$AC,INT((ROWS($A$10:$A17)+1)/2)+1)&"","〃")) | B17: =IF(E17="","",IF(E16="",INDEX(Sheet1!$B:$B,INT((ROWS($A$10:$A17)+1)/2)+1)&"","〃")) | C17: =IF(E17="","",IF(E16="",INDEX(Sheet1!$CN:$CN,INT((ROWS($A$10:$A17)+1)/2)+1)&"","〃")) | D17: =IF(E17="","",IF(E16="",IF(INDEX(Sheet1!$N:$N,INT((ROWS($A$10:$A17)+1)/2)+1)="","",INDEX(Sheet1!$N:$N,INT((ROWS($A$10:$A17)+1)/2)+1)),"〃")) | E17: =IF(INDEX(Sheet1!$BA:$BA,INT((ROWS($A$10:$A17)+1)/2)+1)<>"","わな猟","") | F17: =IF(E17="","",INDEX(Sheet1!$BC:$BC,INT((ROWS($A$10:$A17)+1)/2)+1)&"") | G17: =IF(E17="","",IF(INDEX(Sheet1!$BM:$BM,INT((ROWS($A$10:$A17)+1)/2)+1)="","",INDEX(Sheet1!$BM:$BM,INT((ROWS($A$10:$A17)+1)/2)+1)))
A18: =IF(AND(INDEX(Sheet1!$AM:$AM,INT((ROWS($A$10:$A18)+1)/2)+1)="",INDEX(Sheet1!$BA:$BA,INT((ROWS($A$10:$A18)+1)/2)+1)<>""),"",INDEX(Sheet1!$AC:$AC,INT((ROWS($A$10:$A18)+1)/2)+1)&"") | B18: =IF(AND(INDEX(Sheet1!$AM:$AM,INT((ROWS($A$10:$A18)+1)/2)+1)="",INDEX(Sheet1!$BA:$BA,INT((ROWS($A$10:$A18)+1)/2)+1)<>""),"",INDEX(Sheet1!$B:$B,INT((ROWS($A$10:$A18)+1)/2)+1)&"") | C18: =IF(AND(INDEX(Sheet1!$AM:$AM,INT((ROWS($A$10:$A18)+1)/2)+1)="",INDEX(Sheet1!$BA:$BA,INT((ROWS($A$10:$A18)+1)/2)+1)<>""),"",INDEX(Sheet1!$CN:$CN,INT((ROWS($A$10:$A18)+1)/2)+1)&"") | D18: =IF(OR(AND(INDEX(Sheet1!$AM:$AM,INT((ROWS($A$10:$A18)+1)/2)+1)="",INDEX(Sheet1!$BA:$BA,INT((ROWS($A$10:$A18)+1)/2)+1)<>""),INDEX(Sheet1!$N:$N,INT((ROWS($A$10:$A18)+1)/2)+1)=""),"",INDEX(Sheet1!$N:$N,INT((ROWS($A$10:$A18)+1)/2)+1)) | E18: =IF(INDEX(Sheet1!$AM:$AM,INT((ROWS($A$10:$A18)+1)/2)+1)<>"","第一種","") | F18: =IF(E18="","",INDEX(Sheet1!$AO:$AO,INT((ROWS($A$10:$A18)+1)/2)+1)&"") | G18: =IF(OR(E18="",INDEX(Sheet1!$AY:$AY,INT((ROWS($A$10:$A18)+1)/2)+1)=""),"",INDEX(Sheet1!$AY:$AY,INT((ROWS($A$10:$A18)+1)/2)+1)) | H18: =IF(INDEX(Sheet1!$AD:$AD,INT((ROWS($A$10:$A18)+1)/2)+1)="","",INDEX(Sheet1!$AD:$AD,INT((ROWS($A$10:$A18)+1)/2)+1)) | I18: =IF(INDEX(Sheet1!$AK:$AK,INT((ROWS($A$10:$A18)+1)/2)+1)="","",INDEX(Sheet1!$AK:$AK,INT((ROWS($A$10:$A18)+1)/2)+1))
A19: =IF(E19="","",IF(E18="",INDEX(Sheet1!$AC:$AC,INT((ROWS($A$10:$A19)+1)/2)+1)&"","〃")) -> 架空市架空町5丁目6-7 | B19: =IF(E19="","",IF(E18="",INDEX(Sheet1!$B:$B,INT((ROWS($A$10:$A19)+1)/2)+1)&"","〃")) -> 架空 良子 | C19: =IF(E19="","",IF(E18="",INDEX(Sheet1!$CN:$CN,INT((ROWS($A$10:$A19)+1)/2)+1)&"","〃")) -> パート | D19: =IF(E19="","",IF(E18="",IF(INDEX(Sheet1!$N:$N,INT((ROWS($A$10:$A19)+1)/2)+1)="","",INDEX(Sheet1!$N:$N,INT((ROWS($A$10:$A19)+1)/2)+1)),"〃")) -> 33212 | E19: =IF(INDEX(Sheet1!$BA:$BA,INT((ROWS($A$10:$A19)+1)/2)+1)<>"","わな猟","") -> わな猟 | F19: =IF(E19="","",INDEX(Sheet1!$BC:$BC,INT((ROWS($A$10:$A19)+1)/2)+1)&"") -> 第 ○○ 2234565 号 | G19: =IF(E19="","",IF(INDEX(Sheet1!$BM:$BM,INT((ROWS($A$10:$A19)+1)/2)+1)="","",INDEX(Sheet1!$BM:$BM,INT((ROWS($A$10:$A19)+1)/2)+1))) -> 45536
A20: =IF(AND(INDEX(Sheet1!$AM:$AM,INT((ROWS($A$10:$A20)+1)/2)+1)="",INDEX(Sheet1!$BA:$BA,INT((ROWS($A$10:$A20)+1)/2)+1)<>""),"",INDEX(Sheet1!$AC:$AC,INT((ROWS($A$10:$A20)+1)/2)+1)&"") | B20: =IF(AND(INDEX(Sheet1!$AM:$AM,INT((ROWS($A$10:$A20)+1)/2)+1)="",INDEX(Sheet1!$BA:$BA,INT((ROWS($A$10:$A20)+1)/2)+1)<>""),"",INDEX(Sheet1!$B:$B,INT((ROWS($A$10:$A20)+1)/2)+1)&"") | C20: =IF(AND(INDEX(Sheet1!$AM:$AM,INT((ROWS($A$10:$A20)+1)/2)+1)="",INDEX(Sheet1!$BA:$BA,INT((ROWS($A$10:$A20)+1)/2)+1)<>""),"",INDEX(Sheet1!$CN:$CN,INT((ROWS($A$10:$A20)+1)/2)+1)&"") | D20: =IF(OR(AND(INDEX(Sheet1!$AM:$AM,INT((ROWS($A$10:$A20)+1)/2)+1)="",INDEX(Sheet1!$BA:$BA,INT((ROWS($A$10:$A20)+1)/2)+1)<>""),INDEX(Sheet1!$N:$N,INT((ROWS($A$10:$A20)+1)/2)+1)=""),"",INDEX(Sheet1!$N:$N,INT((ROWS($A$10:$A20)+1)/2)+1)) | E20: =IF(INDEX(Sheet1!$AM:$AM,INT((ROWS($A$10:$A20)+1)/2)+1)<>"","第一種","") | F20: =IF(E20="","",INDEX(Sheet1!$AO:$AO,INT((ROWS($A$10:$A20)+1)/2)+1)&"") | G20: =IF(OR(E20="",INDEX(Sheet1!$AY:$AY,INT((ROWS($A$10:$A20)+1)/2)+1)=""),"",INDEX(Sheet1!$AY:$AY,INT((ROWS($A$10:$A20)+1)/2)+1)) | H20: =IF(INDEX(Sheet1!$AD:$AD,INT((ROWS($A$10:$A20)+1)/2)+1)="","",INDEX(Sheet1!$AD:$AD,INT((ROWS($A$10:$A20)+1)/2)+1)) | I20: =IF(INDEX(Sheet1!$AK:$AK,INT((ROWS($A$10:$A20)+1)/2)+1)="","",INDEX(Sheet1!$AK:$AK,INT((ROWS($A$10:$A20)+1)/2)+1))
A21: =IF(E21="","",IF(E20="",INDEX(Sheet1!$AC:$AC,INT((ROWS($A$10:$A21)+1)/2)+1)&"","〃")) | B21: =IF(E21="","",IF(E20="",INDEX(Sheet1!$B:$B,INT((ROWS($A$10:$A21)+1)/2)+1)&"","〃")) | C21: =IF(E21="","",IF(E20="",INDEX(Sheet1!$CN:$CN,INT((ROWS($A$10:$A21)+1)/2)+1)&"","〃")) | D21: =IF(E21="","",IF(E20="",IF(INDEX(Sheet1!$N:$N,INT((ROWS($A$10:$A21)+1)/2)+1)="","",INDEX(Sheet1!$N:$N,INT((ROWS($A$10:$A21)+1)/2)+1)),"〃")) | E21: =IF(INDEX(Sheet1!$BA:$BA,INT((ROWS($A$10:$A21)+1)/2)+1)<>"","わな猟","") | F21: =IF(E21="","",INDEX(Sheet1!$BC:$BC,INT((ROWS($A$10:$A21)+1)/2)+1)&"") | G21: =IF(E21="","",IF(INDEX(Sheet1!$BM:$BM,INT((ROWS($A$10:$A21)+1)/2)+1)="","",INDEX(Sheet1!$BM:$BM,INT((ROWS($A$10:$A21)+1)/2)+1)))
A22: =IF(AND(INDEX(Sheet1!$AM:$AM,INT((ROWS($A$10:$A22)+1)/2)+1)="",INDEX(Sheet1!$BA:$BA,INT((ROWS($A$10:$A22)+1)/2)+1)<>""),"",INDEX(Sheet1!$AC:$AC,INT((ROWS($A$10:$A22)+1)/2)+1)&"") | B22: =IF(AND(INDEX(Sheet1!$AM:$AM,INT((ROWS($A$10:$A22)+1)/2)+1)="",INDEX(Sheet1!$BA:$BA,INT((ROWS($A$10:$A22)+1)/2)+1)<>""),"",INDEX(Sheet1!$B:$B,INT((ROWS($A$10:$A22)+1)/2)+1)&"") | C22: =IF(AND(INDEX(Sheet1!$AM:$AM,INT((ROWS($A$10:$A22)+1)/2)+1)="",INDEX(Sheet1!$BA:$BA,INT((ROWS($A$10:$A22)+1)/2)+1)<>""),"",INDEX(Sheet1!$CN:$CN,INT((ROWS($A$10:$A22)+1)/2)+1)&"") | D22: =IF(OR(AND(INDEX(Sheet1!$AM:$AM,INT((ROWS($A$10:$A22)+1)/2)+1)="",INDEX(Sheet1!$BA:$BA,INT((ROWS($A$10:$A22)+1)/2)+1)<>""),INDEX(Sheet1!$N:$N,INT((ROWS($A$10:$A22)+1)/2)+1)=""),"",INDEX(Sheet1!$N:$N,INT((ROWS($A$10:$A22)+1)/2)+1)) | E22: =IF(INDEX(Sheet1!$AM:$AM,INT((ROWS($A$10:$A22)+1)/2)+1)<>"","第一種","") | F22: =IF(E22="","",INDEX(Sheet1!$AO:$AO,INT((ROWS($A$10:$A22)+1)/2)+1)&"") | G22: =IF(OR(E22="",INDEX(Sheet1!$AY:$AY,INT((ROWS($A$10:$A22)+1)/2)+1)=""),"",INDEX(Sheet1!$AY:$AY,INT((ROWS($A$10:$A22)+1)/2)+1)) | H22: =IF(INDEX(Sheet1!$AD:$AD,INT((ROWS($A$10:$A22)+1)/2)+1)="","",INDEX(Sheet1!$AD:$AD,INT((ROWS($A$10:$A22)+1)/2)+1)) | I22: =IF(INDEX(Sheet1!$AK:$AK,INT((ROWS($A$10:$A22)+1)/2)+1)="","",INDEX(Sheet1!$AK:$AK,INT((ROWS($A$10:$A22)+1)/2)+1))
A23: =IF(E23="","",IF(E22="",INDEX(Sheet1!$AC:$AC,INT((ROWS($A$10:$A23)+1)/2)+1)&"","〃")) | B23: =IF(E23="","",IF(E22="",INDEX(Sheet1!$B:$B,INT((ROWS($A$10:$A23)+1)/2)+1)&"","〃")) | C23: =IF(E23="","",IF(E22="",INDEX(Sheet1!$CN:$CN,INT((ROWS($A$10:$A23)+1)/2)+1)&"","〃")) | D23: =IF(E23="","",IF(E22="",IF(INDEX(Sheet1!$N:$N,INT((ROWS($A$10:$A23)+1)/2)+1)="","",INDEX(Sheet1!$N:$N,INT((ROWS($A$10:$A23)+1)/2)+1)),"〃")) | E23: =IF(INDEX(Sheet1!$BA:$BA,INT((ROWS($A$10:$A23)+1)/2)+1)<>"","わな猟","") | F23: =IF(E23="","",INDEX(Sheet1!$BC:$BC,INT((ROWS($A$10:$A23)+1)/2)+1)&"") | G23: =IF(E23="","",IF(INDEX(Sheet1!$BM:$BM,INT((ROWS($A$10:$A23)+1)/2)+1)="","",INDEX(Sheet1!$BM:$BM,INT((ROWS($A$10:$A23)+1)/2)+1)))
A24: =IF(AND(INDEX(Sheet1!$AM:$AM,INT((ROWS($A$10:$A24)+1)/2)+1)="",INDEX(Sheet1!$BA:$BA,INT((ROWS($A$10:$A24)+1)/2)+1)<>""),"",INDEX(Sheet1!$AC:$AC,INT((ROWS($A$10:$A24)+1)/2)+1)&"") | B24: =IF(AND(INDEX(Sheet1!$AM:$AM,INT((ROWS($A$10:$A24)+1)/2)+1)="",INDEX(Sheet1!$BA:$BA,INT((ROWS($A$10:$A24)+1)/2)+1)<>""),"",INDEX(Sheet1!$B:$B,INT((ROWS($A$10:$A24)+1)/2)+1)&"") | C24: =IF(AND(INDEX(Sheet1!$AM:$AM,INT((ROWS($A$10:$A24)+1)/2)+1)="",INDEX(Sheet1!$BA:$BA,INT((ROWS($A$10:$A24)+1)/2)+1)<>""),"",INDEX(Sheet1!$CN:$CN,INT((ROWS($A$10:$A24)+1)/2)+1)&"") | D24: =IF(OR(AND(INDEX(Sheet1!$AM:$AM,INT((ROWS($A$10:$A24)+1)/2)+1)="",INDEX(Sheet1!$BA:$BA,INT((ROWS($A$10:$A24)+1)/2)+1)<>""),INDEX(Sheet1!$N:$N,INT((ROWS($A$10:$A24)+1)/2)+1)=""),"",INDEX(Sheet1!$N:$N,INT((ROWS($A$10:$A24)+1)/2)+1)) | E24: =IF(INDEX(Sheet1!$AM:$AM,INT((ROWS($A$10:$A24)+1)/2)+1)<>"","第一種","") | F24: =IF(E24="","",INDEX(Sheet1!$AO:$AO,INT((ROWS($A$10:$A24)+1)/2)+1)&"") | G24: =IF(OR(E24="",INDEX(Sheet1!$AY:$AY,INT((ROWS($A$10:$A24)+1)/2)+1)=""),"",INDEX(Sheet1!$AY:$AY,INT((ROWS($A$10:$A24)+1)/2)+1)) | H24: =IF(INDEX(Sheet1!$AD:$AD,INT((ROWS($A$10:$A24)+1)/2)+1)="","",INDEX(Sheet1!$AD:$AD,INT((ROWS($A$10:$A24)+1)/2)+1)) | I24: =IF(INDEX(Sheet1!$AK:$AK,INT((ROWS($A$10:$A24)+1)/2)+1)="","",INDEX(Sheet1!$AK:$AK,INT((ROWS($A$10:$A24)+1)/2)+1))
A25: =IF(E25="","",IF(E24="",INDEX(Sheet1!$AC:$AC,INT((ROWS($A$10:$A25)+1)/2)+1)&"","〃")) | B25: =IF(E25="","",IF(E24="",INDEX(Sheet1!$B:$B,INT((ROWS($A$10:$A25)+1)/2)+1)&"","〃")) | C25: =IF(E25="","",IF(E24="",INDEX(Sheet1!$CN:$CN,INT((ROWS($A$10:$A25)+1)/2)+1)&"","〃")) | D25: =IF(E25="","",IF(E24="",IF(INDEX(Sheet1!$N:$N,INT((ROWS($A$10:$A25)+1)/2)+1)="","",INDEX(Sheet1!$N:$N,INT((ROWS($A$10:$A25)+1)/2)+1)),"〃")) | E25: =IF(INDEX(Sheet1!$BA:$BA,INT((ROWS($A$10:$A25)+1)/2)+1)<>"","わな猟","") | F25: =IF(E25="","",INDEX(Sheet1!$BC:$BC,INT((ROWS($A$10:$A25)+1)/2)+1)&"") | G25: =IF(E25="","",IF(INDEX(Sheet1!$BM:$BM,INT((ROWS($A$10:$A25)+1)/2)+1)="","",INDEX(Sheet1!$BM:$BM,INT((ROWS($A$10:$A25)+1)/2)+1)))
A26: =IF(AND(INDEX(Sheet1!$AM:$AM,INT((ROWS($A$10:$A26)+1)/2)+1)="",INDEX(Sheet1!$BA:$BA,INT((ROWS($A$10:$A26)+1)/2)+1)<>""),"",INDEX(Sheet1!$AC:$AC,INT((ROWS($A$10:$A26)+1)/2)+1)&"") | B26: =IF(AND(INDEX(Sheet1!$AM:$AM,INT((ROWS($A$10:$A26)+1)/2)+1)="",INDEX(Sheet1!$BA:$BA,INT((ROWS($A$10:$A26)+1)/2)+1)<>""),"",INDEX(Sheet1!$B:$B,INT((ROWS($A$10:$A26)+1)/2)+1)&"") | C26: =IF(AND(INDEX(Sheet1!$AM:$AM,INT((ROWS($A$10:$A26)+1)/2)+1)="",INDEX(Sheet1!$BA:$BA,INT((ROWS($A$10:$A26)+1)/2)+1)<>""),"",INDEX(Sheet1!$CN:$CN,INT((ROWS($A$10:$A26)+1)/2)+1)&"") | D26: =IF(OR(AND(INDEX(Sheet1!$AM:$AM,INT((ROWS($A$10:$A26)+1)/2)+1)="",INDEX(Sheet1!$BA:$BA,INT((ROWS($A$10:$A26)+1)/2)+1)<>""),INDEX(Sheet1!$N:$N,INT((ROWS($A$10:$A26)+1)/2)+1)=""),"",INDEX(Sheet1!$N:$N,INT((ROWS($A$10:$A26)+1)/2)+1)) | E26: =IF(INDEX(Sheet1!$AM:$AM,INT((ROWS($A$10:$A26)+1)/2)+1)<>"","第一種","") | F26: =IF(E26="","",INDEX(Sheet1!$AO:$AO,INT((ROWS($A$10:$A26)+1)/2)+1)&"") | G26: =IF(OR(E26="",INDEX(Sheet1!$AY:$AY,INT((ROWS($A$10:$A26)+1)/2)+1)=""),"",INDEX(Sheet1!$AY:$AY,INT((ROWS($A$10:$A26)+1)/2)+1)) | H26: =IF(INDEX(Sheet1!$AD:$AD,INT((ROWS($A$10:$A26)+1)/2)+1)="","",INDEX(Sheet1!$AD:$AD,INT((ROWS($A$10:$A26)+1)/2)+1)) | I26: =IF(INDEX(Sheet1!$AK:$AK,INT((ROWS($A$10:$A26)+1)/2)+1)="","",INDEX(Sheet1!$AK:$AK,INT((ROWS($A$10:$A26)+1)/2)+1))
A27: =IF(E27="","",IF(E26="",INDEX(Sheet1!$AC:$AC,INT((ROWS($A$10:$A27)+1)/2)+1)&"","〃")) | B27: =IF(E27="","",IF(E26="",INDEX(Sheet1!$B:$B,INT((ROWS($A$10:$A27)+1)/2)+1)&"","〃")) | C27: =IF(E27="","",IF(E26="",INDEX(Sheet1!$CN:$CN,INT((ROWS($A$10:$A27)+1)/2)+1)&"","〃")) | D27: =IF(E27="","",IF(E26="",IF(INDEX(Sheet1!$N:$N,INT((ROWS($A$10:$A27)+1)/2)+1)="","",INDEX(Sheet1!$N:$N,INT((ROWS($A$10:$A27)+1)/2)+1)),"〃")) | E27: =IF(INDEX(Sheet1!$BA:$BA,INT((ROWS($A$10:$A27)+1)/2)+1)<>"","わな猟","") | F27: =IF(E27="","",INDEX(Sheet1!$BC:$BC,INT((ROWS($A$10:$A27)+1)/2)+1)&"") | G27: =IF(E27="","",IF(INDEX(Sheet1!$BM:$BM,INT((ROWS($A$10:$A27)+1)/2)+1)="","",INDEX(Sheet1!$BM:$BM,INT((ROWS($A$10:$A27)+1)/2)+1)))
A28: =IF(AND(INDEX(Sheet1!$AM:$AM,INT((ROWS($A$10:$A28)+1)/2)+1)="",INDEX(Sheet1!$BA:$BA,INT((ROWS($A$10:$A28)+1)/2)+1)<>""),"",INDEX(Sheet1!$AC:$AC,INT((ROWS($A$10:$A28)+1)/2)+1)&"") | B28: =IF(AND(INDEX(Sheet1!$AM:$AM,INT((ROWS($A$10:$A28)+1)/2)+1)="",INDEX(Sheet1!$BA:$BA,INT((ROWS($A$10:$A28)+1)/2)+1)<>""),"",INDEX(Sheet1!$B:$B,INT((ROWS($A$10:$A28)+1)/2)+1)&"") | C28: =IF(AND(INDEX(Sheet1!$AM:$AM,INT((ROWS($A$10:$A28)+1)/2)+1)="",INDEX(Sheet1!$BA:$BA,INT((ROWS($A$10:$A28)+1)/2)+1)<>""),"",INDEX(Sheet1!$CN:$CN,INT((ROWS($A$10:$A28)+1)/2)+1)&"") | D28: =IF(OR(AND(INDEX(Sheet1!$AM:$AM,INT((ROWS($A$10:$A28)+1)/2)+1)="",INDEX(Sheet1!$BA:$BA,INT((ROWS($A$10:$A28)+1)/2)+1)<>""),INDEX(Sheet1!$N:$N,INT((ROWS($A$10:$A28)+1)/2)+1)=""),"",INDEX(Sheet1!$N:$N,INT((ROWS($A$10:$A28)+1)/2)+1)) | E28: =IF(INDEX(Sheet1!$AM:$AM,INT((ROWS($A$10:$A28)+1)/2)+1)<>"","第一種","") | F28: =IF(E28="","",INDEX(Sheet1!$AO:$AO,INT((ROWS($A$10:$A28)+1)/2)+1)&"") | G28: =IF(OR(E28="",INDEX(Sheet1!$AY:$AY,INT((ROWS($A$10:$A28)+1)/2)+1)=""),"",INDEX(Sheet1!$AY:$AY,INT((ROWS($A$10:$A28)+1)/2)+1)) | H28: =IF(INDEX(Sheet1!$AD:$AD,INT((ROWS($A$10:$A28)+1)/2)+1)="","",INDEX(Sheet1!$AD:$AD,INT((ROWS($A$10:$A28)+1)/2)+1)) | I28: =IF(INDEX(Sheet1!$AK:$AK,INT((ROWS($A$10:$A28)+1)/2)+1)="","",INDEX(Sheet1!$AK:$AK,INT((ROWS($A$10:$A28)+1)/2)+1))
A29: =IF(E29="","",IF(E28="",INDEX(Sheet1!$AC:$AC,INT((ROWS($A$10:$A29)+1)/2)+1)&"","〃")) | B29: =IF(E29="","",IF(E28="",INDEX(Sheet1!$B:$B,INT((ROWS($A$10:$A29)+1)/2)+1)&"","〃")) | C29: =IF(E29="","",IF(E28="",INDEX(Sheet1!$CN:$CN,INT((ROWS($A$10:$A29)+1)/2)+1)&"","〃")) | D29: =IF(E29="","",IF(E28="",IF(INDEX(Sheet1!$N:$N,INT((ROWS($A$10:$A29)+1)/2)+1)="","",INDEX(Sheet1!$N:$N,INT((ROWS($A$10:$A29)+1)/2)+1)),"〃")) | E29: =IF(INDEX(Sheet1!$BA:$BA,INT((ROWS($A$10:$A29)+1)/2)+1)<>"","わな猟","") | F29: =IF(E29="","",INDEX(Sheet1!$BC:$BC,INT((ROWS($A$10:$A29)+1)/2)+1)&"") | G29: =IF(E29="","",IF(INDEX(Sheet1!$BM:$BM,INT((ROWS($A$10:$A29)+1)/2)+1)="","",INDEX(Sheet1!$BM:$BM,INT((ROWS($A$10:$A29)+1)/2)+1)))
A30: =IF(AND(INDEX(Sheet1!$AM:$AM,INT((ROWS($A$10:$A30)+1)/2)+1)="",INDEX(Sheet1!$BA:$BA,INT((ROWS($A$10:$A30)+1)/2)+1)<>""),"",INDEX(Sheet1!$AC:$AC,INT((ROWS($A$10:$A30)+1)/2)+1)&"") | B30: =IF(AND(INDEX(Sheet1!$AM:$AM,INT((ROWS($A$10:$A30)+1)/2)+1)="",INDEX(Sheet1!$BA:$BA,INT((ROWS($A$10:$A30)+1)/2)+1)<>""),"",INDEX(Sheet1!$B:$B,INT((ROWS($A$10:$A30)+1)/2)+1)&"") | C30: =IF(AND(INDEX(Sheet1!$AM:$AM,INT((ROWS($A$10:$A30)+1)/2)+1)="",INDEX(Sheet1!$BA:$BA,INT((ROWS($A$10:$A30)+1)/2)+1)<>""),"",INDEX(Sheet1!$CN:$CN,INT((ROWS($A$10:$A30)+1)/2)+1)&"") | D30: =IF(OR(AND(INDEX(Sheet1!$AM:$AM,INT((ROWS($A$10:$A30)+1)/2)+1)="",INDEX(Sheet1!$BA:$BA,INT((ROWS($A$10:$A30)+1)/2)+1)<>""),INDEX(Sheet1!$N:$N,INT((ROWS($A$10:$A30)+1)/2)+1)=""),"",INDEX(Sheet1!$N:$N,INT((ROWS($A$10:$A30)+1)/2)+1)) | E30: =IF(INDEX(Sheet1!$AM:$AM,INT((ROWS($A$10:$A30)+1)/2)+1)<>"","第一種","") | F30: =IF(E30="","",INDEX(Sheet1!$AO:$AO,INT((ROWS($A$10:$A30)+1)/2)+1)&"") | G30: =IF(OR(E30="",INDEX(Sheet1!$AY:$AY,INT((ROWS($A$10:$A30)+1)/2)+1)=""),"",INDEX(Sheet1!$AY:$AY,INT((ROWS($A$10:$A30)+1)/2)+1)) | H30: =IF(INDEX(Sheet1!$AD:$AD,INT((ROWS($A$10:$A30)+1)/2)+1)="","",INDEX(Sheet1!$AD:$AD,INT((ROWS($A$10:$A30)+1)/2)+1)) | I30: =IF(INDEX(Sheet1!$AK:$AK,INT((ROWS($A$10:$A30)+1)/2)+1)="","",INDEX(Sheet1!$AK:$AK,INT((ROWS($A$10:$A30)+1)/2)+1))
A31: =IF(E31="","",IF(E30="",INDEX(Sheet1!$AC:$AC,INT((ROWS($A$10:$A31)+1)/2)+1)&"","〃")) | B31: =IF(E31="","",IF(E30="",INDEX(Sheet1!$B:$B,INT((ROWS($A$10:$A31)+1)/2)+1)&"","〃")) | C31: =IF(E31="","",IF(E30="",INDEX(Sheet1!$CN:$CN,INT((ROWS($A$10:$A31)+1)/2)+1)&"","〃")) | D31: =IF(E31="","",IF(E30="",IF(INDEX(Sheet1!$N:$N,INT((ROWS($A$10:$A31)+1)/2)+1)="","",INDEX(Sheet1!$N:$N,INT((ROWS($A$10:$A31)+1)/2)+1)),"〃")) | E31: =IF(INDEX(Sheet1!$BA:$BA,INT((ROWS($A$10:$A31)+1)/2)+1)<>"","わな猟","") | F31: =IF(E31="","",INDEX(Sheet1!$BC:$BC,INT((ROWS($A$10:$A31)+1)/2)+1)&"") | G31: =IF(E31="","",IF(INDEX(Sheet1!$BM:$BM,INT((ROWS($A$10:$A31)+1)/2)+1)="","",INDEX(Sheet1!$BM:$BM,INT((ROWS($A$10:$A31)+1)/2)+1)))
A32: =IF(AND(INDEX(Sheet1!$AM:$AM,INT((ROWS($A$10:$A32)+1)/2)+1)="",INDEX(Sheet1!$BA:$BA,INT((ROWS($A$10:$A32)+1)/2)+1)<>""),"",INDEX(Sheet1!$AC:$AC,INT((ROWS($A$10:$A32)+1)/2)+1)&"") | B32: =IF(AND(INDEX(Sheet1!$AM:$AM,INT((ROWS($A$10:$A32)+1)/2)+1)="",INDEX(Sheet1!$BA:$BA,INT((ROWS($A$10:$A32)+1)/2)+1)<>""),"",INDEX(Sheet1!$B:$B,INT((ROWS($A$10:$A32)+1)/2)+1)&"") | C32: =IF(AND(INDEX(Sheet1!$AM:$AM,INT((ROWS($A$10:$A32)+1)/2)+1)="",INDEX(Sheet1!$BA:$BA,INT((ROWS($A$10:$A32)+1)/2)+1)<>""),"",INDEX(Sheet1!$CN:$CN,INT((ROWS($A$10:$A32)+1)/2)+1)&"") | D32: =IF(OR(AND(INDEX(Sheet1!$AM:$AM,INT((ROWS($A$10:$A32)+1)/2)+1)="",INDEX(Sheet1!$BA:$BA,INT((ROWS($A$10:$A32)+1)/2)+1)<>""),INDEX(Sheet1!$N:$N,INT((ROWS($A$10:$A32)+1)/2)+1)=""),"",INDEX(Sheet1!$N:$N,INT((ROWS($A$10:$A32)+1)/2)+1)) | E32: =IF(INDEX(Sheet1!$AM:$AM,INT((ROWS($A$10:$A32)+1)/2)+1)<>"","第一種","") | F32: =IF(E32="","",INDEX(Sheet1!$AO:$AO,INT((ROWS($A$10:$A32)+1)/2)+1)&"") | G32: =IF(OR(E32="",INDEX(Sheet1!$AY:$AY,INT((ROWS($A$10:$A32)+1)/2)+1)=""),"",INDEX(Sheet1!$AY:$AY,INT((ROWS($A$10:$A32)+1)/2)+1)) | H32: =IF(INDEX(Sheet1!$AD:$AD,INT((ROWS($A$10:$A32)+1)/2)+1)="","",INDEX(Sheet1!$AD:$AD,INT((ROWS($A$10:$A32)+1)/2)+1)) | I32: =IF(INDEX(Sheet1!$AK:$AK,INT((ROWS($A$10:$A32)+1)/2)+1)="","",INDEX(Sheet1!$AK:$AK,INT((ROWS($A$10:$A32)+1)/2)+1))
A33: =IF(E33="","",IF(E32="",INDEX(Sheet1!$AC:$AC,INT((ROWS($A$10:$A33)+1)/2)+1)&"","〃")) | B33: =IF(E33="","",IF(E32="",INDEX(Sheet1!$B:$B,INT((ROWS($A$10:$A33)+1)/2)+1)&"","〃")) | C33: =IF(E33="","",IF(E32="",INDEX(Sheet1!$CN:$CN,INT((ROWS($A$10:$A33)+1)/2)+1)&"","〃")) | D33: =IF(E33="","",IF(E32="",IF(INDEX(Sheet1!$N:$N,INT((ROWS($A$10:$A33)+1)/2)+1)="","",INDEX(Sheet1!$N:$N,INT((ROWS($A$10:$A33)+1)/2)+1)),"〃")) | E33: =IF(INDEX(Sheet1!$BA:$BA,INT((ROWS($A$10:$A33)+1)/2)+1)<>"","わな猟","") | F33: =IF(E33="","",INDEX(Sheet1!$BC:$BC,INT((ROWS($A$10:$A33)+1)/2)+1)&"") | G33: =IF(E33="","",IF(INDEX(Sheet1!$BM:$BM,INT((ROWS($A$10:$A33)+1)/2)+1)="","",INDEX(Sheet1!$BM:$BM,INT((ROWS($A$10:$A33)+1)/2)+1)))
A34: =IF(AND(INDEX(Sheet1!$AM:$AM,INT((ROWS($A$10:$A34)+1)/2)+1)="",INDEX(Sheet1!$BA:$BA,INT((ROWS($A$10:$A34)+1)/2)+1)<>""),"",INDEX(Sheet1!$AC:$AC,INT((ROWS($A$10:$A34)+1)/2)+1)&"") | B34: =IF(AND(INDEX(Sheet1!$AM:$AM,INT((ROWS($A$10:$A34)+1)/2)+1)="",INDEX(Sheet1!$BA:$BA,INT((ROWS($A$10:$A34)+1)/2)+1)<>""),"",INDEX(Sheet1!$B:$B,INT((ROWS($A$10:$A34)+1)/2)+1)&"") | C34: =IF(AND(INDEX(Sheet1!$AM:$AM,INT((ROWS($A$10:$A34)+1)/2)+1)="",INDEX(Sheet1!$BA:$BA,INT((ROWS($A$10:$A34)+1)/2)+1)<>""),"",INDEX(Sheet1!$CN:$CN,INT((ROWS($A$10:$A34)+1)/2)+1)&"") | D34: =IF(OR(AND(INDEX(Sheet1!$AM:$AM,INT((ROWS($A$10:$A34)+1)/2)+1)="",INDEX(Sheet1!$BA:$BA,INT((ROWS($A$10:$A34)+1)/2)+1)<>""),INDEX(Sheet1!$N:$N,INT((ROWS($A$10:$A34)+1)/2)+1)=""),"",INDEX(Sheet1!$N:$N,INT((ROWS($A$10:$A34)+1)/2)+1)) | E34: =IF(INDEX(Sheet1!$AM:$AM,INT((ROWS($A$10:$A34)+1)/2)+1)<>"","第一種","") | F34: =IF(E34="","",INDEX(Sheet1!$AO:$AO,INT((ROWS($A$10:$A34)+1)/2)+1)&"") | G34: =IF(OR(E34="",INDEX(Sheet1!$AY:$AY,INT((ROWS($A$10:$A34)+1)/2)+1)=""),"",INDEX(Sheet1!$AY:$AY,INT((ROWS($A$10:$A34)+1)/2)+1)) | H34: =IF(INDEX(Sheet1!$AD:$AD,INT((ROWS($A$10:$A34)+1)/2)+1)="","",INDEX(Sheet1!$AD:$AD,INT((ROWS($A$10:$A34)+1)/2)+1)) | I34: =IF(INDEX(Sheet1!$AK:$AK,INT((ROWS($A$10:$A34)+1)/2)+1)="","",INDEX(Sheet1!$AK:$AK,INT((ROWS($A$10:$A34)+1)/2)+1))
A35: =IF(E35="","",IF(E34="",INDEX(Sheet1!$AC:$AC,INT((ROWS($A$10:$A35)+1)/2)+1)&"","〃")) | B35: =IF(E35="","",IF(E34="",INDEX(Sheet1!$B:$B,INT((ROWS($A$10:$A35)+1)/2)+1)&"","〃")) | C35: =IF(E35="","",IF(E34="",INDEX(Sheet1!$CN:$CN,INT((ROWS($A$10:$A35)+1)/2)+1)&"","〃")) | D35: =IF(E35="","",IF(E34="",IF(INDEX(Sheet1!$N:$N,INT((ROWS($A$10:$A35)+1)/2)+1)="","",INDEX(Sheet1!$N:$N,INT((ROWS($A$10:$A35)+1)/2)+1)),"〃")) | E35: =IF(INDEX(Sheet1!$BA:$BA,INT((ROWS($A$10:$A35)+1)/2)+1)<>"","わな猟","") | F35: =IF(E35="","",INDEX(Sheet1!$BC:$BC,INT((ROWS($A$10:$A35)+1)/2)+1)&"") | G35: =IF(E35="","",IF(INDEX(Sheet1!$BM:$BM,INT((ROWS($A$10:$A35)+1)/2)+1)="","",INDEX(Sheet1!$BM:$BM,INT((ROWS($A$10:$A35)+1)/2)+1)))
A36: =IF(AND(INDEX(Sheet1!$AM:$AM,INT((ROWS($A$10:$A36)+1)/2)+1)="",INDEX(Sheet1!$BA:$BA,INT((ROWS($A$10:$A36)+1)/2)+1)<>""),"",INDEX(Sheet1!$AC:$AC,INT((ROWS($A$10:$A36)+1)/2)+1)&"") | B36: =IF(AND(INDEX(Sheet1!$AM:$AM,INT((ROWS($A$10:$A36)+1)/2)+1)="",INDEX(Sheet1!$BA:$BA,INT((ROWS($A$10:$A36)+1)/2)+1)<>""),"",INDEX(Sheet1!$B:$B,INT((ROWS($A$10:$A36)+1)/2)+1)&"") | C36: =IF(AND(INDEX(Sheet1!$AM:$AM,INT((ROWS($A$10:$A36)+1)/2)+1)="",INDEX(Sheet1!$BA:$BA,INT((ROWS($A$10:$A36)+1)/2)+1)<>""),"",INDEX(Sheet1!$CN:$CN,INT((ROWS($A$10:$A36)+1)/2)+1)&"") | D36: =IF(OR(AND(INDEX(Sheet1!$AM:$AM,INT((ROWS($A$10:$A36)+1)/2)+1)="",INDEX(Sheet1!$BA:$BA,INT((ROWS($A$10:$A36)+1)/2)+1)<>""),INDEX(Sheet1!$N:$N,INT((ROWS($A$10:$A36)+1)/2)+1)=""),"",INDEX(Sheet1!$N:$N,INT((ROWS($A$10:$A36)+1)/2)+1)) | E36: =IF(INDEX(Sheet1!$AM:$AM,INT((ROWS($A$10:$A36)+1)/2)+1)<>"","第一種","") | F36: =IF(E36="","",INDEX(Sheet1!$AO:$AO,INT((ROWS($A$10:$A36)+1)/2)+1)&"") | G36: =IF(OR(E36="",INDEX(Sheet1!$AY:$AY,INT((ROWS($A$10:$A36)+1)/2)+1)=""),"",INDEX(Sheet1!$AY:$AY,INT((ROWS($A$10:$A36)+1)/2)+1)) | H36: =IF(INDEX(Sheet1!$AD:$AD,INT((ROWS($A$10:$A36)+1)/2)+1)="","",INDEX(Sheet1!$AD:$AD,INT((ROWS($A$10:$A36)+1)/2)+1)) | I36: =IF(INDEX(Sheet1!$AK:$AK,INT((ROWS($A$10:$A36)+1)/2)+1)="","",INDEX(Sheet1!$AK:$AK,INT((ROWS($A$10:$A36)+1)/2)+1))
A37: =IF(E37="","",IF(E36="",INDEX(Sheet1!$AC:$AC,INT((ROWS($A$10:$A37)+1)/2)+1)&"","〃")) | B37: =IF(E37="","",IF(E36="",INDEX(Sheet1!$B:$B,INT((ROWS($A$10:$A37)+1)/2)+1)&"","〃")) | C37: =IF(E37="","",IF(E36="",INDEX(Sheet1!$CN:$CN,INT((ROWS($A$10:$A37)+1)/2)+1)&"","〃")) | D37: =IF(E37="","",IF(E36="",IF(INDEX(Sheet1!$N:$N,INT((ROWS($A$10:$A37)+1)/2)+1)="","",INDEX(Sheet1!$N:$N,INT((ROWS($A$10:$A37)+1)/2)+1)),"〃")) | E37: =IF(INDEX(Sheet1!$BA:$BA,INT((ROWS($A$10:$A37)+1)/2)+1)<>"","わな猟","") | F37: =IF(E37="","",INDEX(Sheet1!$BC:$BC,INT((ROWS($A$10:$A37)+1)/2)+1)&"") | G37: =IF(E37="","",IF(INDEX(Sheet1!$BM:$BM,INT((ROWS($A$10:$A37)+1)/2)+1)="","",INDEX(Sheet1!$BM:$BM,INT((ROWS($A$10:$A37)+1)/2)+1)))
A38: =IF(AND(INDEX(Sheet1!$AM:$AM,INT((ROWS($A$10:$A38)+1)/2)+1)="",INDEX(Sheet1!$BA:$BA,INT((ROWS($A$10:$A38)+1)/2)+1)<>""),"",INDEX(Sheet1!$AC:$AC,INT((ROWS($A$10:$A38)+1)/2)+1)&"") | B38: =IF(AND(INDEX(Sheet1!$AM:$AM,INT((ROWS($A$10:$A38)+1)/2)+1)="",INDEX(Sheet1!$BA:$BA,INT((ROWS($A$10:$A38)+1)/2)+1)<>""),"",INDEX(Sheet1!$B:$B,INT((ROWS($A$10:$A38)+1)/2)+1)&"") | C38: =IF(AND(INDEX(Sheet1!$AM:$AM,INT((ROWS($A$10:$A38)+1)/2)+1)="",INDEX(Sheet1!$BA:$BA,INT((ROWS($A$10:$A38)+1)/2)+1)<>""),"",INDEX(Sheet1!$CN:$CN,INT((ROWS($A$10:$A38)+1)/2)+1)&"") | D38: =IF(OR(AND(INDEX(Sheet1!$AM:$AM,INT((ROWS($A$10:$A38)+1)/2)+1)="",INDEX(Sheet1!$BA:$BA,INT((ROWS($A$10:$A38)+1)/2)+1)<>""),INDEX(Sheet1!$N:$N,INT((ROWS($A$10:$A38)+1)/2)+1)=""),"",INDEX(Sheet1!$N:$N,INT((ROWS($A$10:$A38)+1)/2)+1)) | E38: =IF(INDEX(Sheet1!$AM:$AM,INT((ROWS($A$10:$A38)+1)/2)+1)<>"","第一種","") | F38: =IF(E38="","",INDEX(Sheet1!$AO:$AO,INT((ROWS($A$10:$A38)+1)/2)+1)&"") | G38: =IF(OR(E38="",INDEX(Sheet1!$AY:$AY,INT((ROWS($A$10:$A38)+1)/2)+1)=""),"",INDEX(Sheet1!$AY:$AY,INT((ROWS($A$10:$A38)+1)/2)+1)) | H38: =IF(INDEX(Sheet1!$AD:$AD,INT((ROWS($A$10:$A38)+1)/2)+1)="","",INDEX(Sheet1!$AD:$AD,INT((ROWS($A$10:$A38)+1)/2)+1)) | I38: =IF(INDEX(Sheet1!$AK:$AK,INT((ROWS($A$10:$A38)+1)/2)+1)="","",INDEX(Sheet1!$AK:$AK,INT((ROWS($A$10:$A38)+1)/2)+1))
A39: =IF(E39="","",IF(E38="",INDEX(Sheet1!$AC:$AC,INT((ROWS($A$10:$A39)+1)/2)+1)&"","〃")) | B39: =IF(E39="","",IF(E38="",INDEX(Sheet1!$B:$B,INT((ROWS($A$10:$A39)+1)/2)+1)&"","〃")) | C39: =IF(E39="","",IF(E38="",INDEX(Sheet1!$CN:$CN,INT((ROWS($A$10:$A39)+1)/2)+1)&"","〃")) | D39: =IF(E39="","",IF(E38="",IF(INDEX(Sheet1!$N:$N,INT((ROWS($A$10:$A39)+1)/2)+1)="","",INDEX(Sheet1!$N:$N,INT((ROWS($A$10:$A39)+1)/2)+1)),"〃")) | E39: =IF(INDEX(Sheet1!$BA:$BA,INT((ROWS($A$10:$A39)+1)/2)+1)<>"","わな猟","") | F39: =IF(E39="","",INDEX(Sheet1!$BC:$BC,INT((ROWS($A$10:$A39)+1)/2)+1)&"") | G39: =IF(E39="","",IF(INDEX(Sheet1!$BM:$BM,INT((ROWS($A$10:$A39)+1)/2)+1)="","",INDEX(Sheet1!$BM:$BM,INT((ROWS($A$10:$A39)+1)/2)+1)))
A40: =IF(AND(INDEX(Sheet1!$AM:$AM,INT((ROWS($A$10:$A40)+1)/2)+1)="",INDEX(Sheet1!$BA:$BA,INT((ROWS($A$10:$A40)+1)/2)+1)<>""),"",INDEX(Sheet1!$AC:$AC,INT((ROWS($A$10:$A40)+1)/2)+1)&"") | B40: =IF(AND(INDEX(Sheet1!$AM:$AM,INT((ROWS($A$10:$A40)+1)/2)+1)="",INDEX(Sheet1!$BA:$BA,INT((ROWS($A$10:$A40)+1)/2)+1)<>""),"",INDEX(Sheet1!$B:$B,INT((ROWS($A$10:$A40)+1)/2)+1)&"") | C40: =IF(AND(INDEX(Sheet1!$AM:$AM,INT((ROWS($A$10:$A40)+1)/2)+1)="",INDEX(Sheet1!$BA:$BA,INT((ROWS($A$10:$A40)+1)/2)+1)<>""),"",INDEX(Sheet1!$CN:$CN,INT((ROWS($A$10:$A40)+1)/2)+1)&"") | D40: =IF(OR(AND(INDEX(Sheet1!$AM:$AM,INT((ROWS($A$10:$A40)+1)/2)+1)="",INDEX(Sheet1!$BA:$BA,INT((ROWS($A$10:$A40)+1)/2)+1)<>""),INDEX(Sheet1!$N:$N,INT((ROWS($A$10:$A40)+1)/2)+1)=""),"",INDEX(Sheet1!$N:$N,INT((ROWS($A$10:$A40)+1)/2)+1)) | E40: =IF(INDEX(Sheet1!$AM:$AM,INT((ROWS($A$10:$A40)+1)/2)+1)<>"","第一種","") | F40: =IF(E40="","",INDEX(Sheet1!$AO:$AO,INT((ROWS($A$10:$A40)+1)/2)+1)&"") | G40: =IF(OR(E40="",INDEX(Sheet1!$AY:$AY,INT((ROWS($A$10:$A40)+1)/2)+1)=""),"",INDEX(Sheet1!$AY:$AY,INT((ROWS($A$10:$A40)+1)/2)+1)) | H40: =IF(INDEX(Sheet1!$AD:$AD,INT((ROWS($A$10:$A40)+1)/2)+1)="","",INDEX(Sheet1!$AD:$AD,INT((ROWS($A$10:$A40)+1)/2)+1)) | I40: =IF(INDEX(Sheet1!$AK:$AK,INT((ROWS($A$10:$A40)+1)/2)+1)="","",INDEX(Sheet1!$AK:$AK,INT((ROWS($A$10:$A40)+1)/2)+1))
A41: =IF(E41="","",IF(E40="",INDEX(Sheet1!$AC:$AC,INT((ROWS($A$10:$A41)+1)/2)+1)&"","〃")) | B41: =IF(E41="","",IF(E40="",INDEX(Sheet1!$B:$B,INT((ROWS($A$10:$A41)+1)/2)+1)&"","〃")) | C41: =IF(E41="","",IF(E40="",INDEX(Sheet1!$CN:$CN,INT((ROWS($A$10:$A41)+1)/2)+1)&"","〃")) | D41: =IF(E41="","",IF(E40="",IF(INDEX(Sheet1!$N:$N,INT((ROWS($A$10:$A41)+1)/2)+1)="","",INDEX(Sheet1!$N:$N,INT((ROWS($A$10:$A41)+1)/2)+1)),"〃")) | E41: =IF(INDEX(Sheet1!$BA:$BA,INT((ROWS($A$10:$A41)+1)/2)+1)<>"","わな猟","") | F41: =IF(E41="","",INDEX(Sheet1!$BC:$BC,INT((ROWS($A$10:$A41)+1)/2)+1)&"") | G41: =IF(E41="","",IF(INDEX(Sheet1!$BM:$BM,INT((ROWS($A$10:$A41)+1)/2)+1)="","",INDEX(Sheet1!$BM:$BM,INT((ROWS($A$10:$A41)+1)/2)+1)))
A42: =IF(AND(INDEX(Sheet1!$AM:$AM,INT((ROWS($A$10:$A42)+1)/2)+1)="",INDEX(Sheet1!$BA:$BA,INT((ROWS($A$10:$A42)+1)/2)+1)<>""),"",INDEX(Sheet1!$AC:$AC,INT((ROWS($A$10:$A42)+1)/2)+1)&"") | B42: =IF(AND(INDEX(Sheet1!$AM:$AM,INT((ROWS($A$10:$A42)+1)/2)+1)="",INDEX(Sheet1!$BA:$BA,INT((ROWS($A$10:$A42)+1)/2)+1)<>""),"",INDEX(Sheet1!$B:$B,INT((ROWS($A$10:$A42)+1)/2)+1)&"") | C42: =IF(AND(INDEX(Sheet1!$AM:$AM,INT((ROWS($A$10:$A42)+1)/2)+1)="",INDEX(Sheet1!$BA:$BA,INT((ROWS($A$10:$A42)+1)/2)+1)<>""),"",INDEX(Sheet1!$CN:$CN,INT((ROWS($A$10:$A42)+1)/2)+1)&"") | D42: =IF(OR(AND(INDEX(Sheet1!$AM:$AM,INT((ROWS($A$10:$A42)+1)/2)+1)="",INDEX(Sheet1!$BA:$BA,INT((ROWS($A$10:$A42)+1)/2)+1)<>""),INDEX(Sheet1!$N:$N,INT((ROWS($A$10:$A42)+1)/2)+1)=""),"",INDEX(Sheet1!$N:$N,INT((ROWS($A$10:$A42)+1)/2)+1)) | E42: =IF(INDEX(Sheet1!$AM:$AM,INT((ROWS($A$10:$A42)+1)/2)+1)<>"","第一種","") | F42: =IF(E42="","",INDEX(Sheet1!$AO:$AO,INT((ROWS($A$10:$A42)+1)/2)+1)&"") | G42: =IF(OR(E42="",INDEX(Sheet1!$AY:$AY,INT((ROWS($A$10:$A42)+1)/2)+1)=""),"",INDEX(Sheet1!$AY:$AY,INT((ROWS($A$10:$A42)+1)/2)+1)) | H42: =IF(INDEX(Sheet1!$AD:$AD,INT((ROWS($A$10:$A42)+1)/2)+1)="","",INDEX(Sheet1!$AD:$AD,INT((ROWS($A$10:$A42)+1)/2)+1)) | I42: =IF(INDEX(Sheet1!$AK:$AK,INT((ROWS($A$10:$A42)+1)/2)+1)="","",INDEX(Sheet1!$AK:$AK,INT((ROWS($A$10:$A42)+1)/2)+1))
A43: =IF(E43="","",IF(E42="",INDEX(Sheet1!$AC:$AC,INT((ROWS($A$10:$A43)+1)/2)+1)&"","〃")) | B43: =IF(E43="","",IF(E42="",INDEX(Sheet1!$B:$B,INT((ROWS($A$10:$A43)+1)/2)+1)&"","〃")) | C43: =IF(E43="","",IF(E42="",INDEX(Sheet1!$CN:$CN,INT((ROWS($A$10:$A43)+1)/2)+1)&"","〃")) | D43: =IF(E43="","",IF(E42="",IF(INDEX(Sheet1!$N:$N,INT((ROWS($A$10:$A43)+1)/2)+1)="","",INDEX(Sheet1!$N:$N,INT((ROWS($A$10:$A43)+1)/2)+1)),"〃")) | E43: =IF(INDEX(Sheet1!$BA:$BA,INT((ROWS($A$10:$A43)+1)/2)+1)<>"","わな猟","") | F43: =IF(E43="","",INDEX(Sheet1!$BC:$BC,INT((ROWS($A$10:$A43)+1)/2)+1)&"") | G43: =IF(E43="","",IF(INDEX(Sheet1!$BM:$BM,INT((ROWS($A$10:$A43)+1)/2)+1)="","",INDEX(Sheet1!$BM:$BM,INT((ROWS($A$10:$A43)+1)/2)+1)))
A44: =IF(AND(INDEX(Sheet1!$AM:$AM,INT((ROWS($A$10:$A44)+1)/2)+1)="",INDEX(Sheet1!$BA:$BA,INT((ROWS($A$10:$A44)+1)/2)+1)<>""),"",INDEX(Sheet1!$AC:$AC,INT((ROWS($A$10:$A44)+1)/2)+1)&"") | B44: =IF(AND(INDEX(Sheet1!$AM:$AM,INT((ROWS($A$10:$A44)+1)/2)+1)="",INDEX(Sheet1!$BA:$BA,INT((ROWS($A$10:$A44)+1)/2)+1)<>""),"",INDEX(Sheet1!$B:$B,INT((ROWS($A$10:$A44)+1)/2)+1)&"") | C44: =IF(AND(INDEX(Sheet1!$AM:$AM,INT((ROWS($A$10:$A44)+1)/2)+1)="",INDEX(Sheet1!$BA:$BA,INT((ROWS($A$10:$A44)+1)/2)+1)<>""),"",INDEX(Sheet1!$CN:$CN,INT((ROWS($A$10:$A44)+1)/2)+1)&"") | D44: =IF(OR(AND(INDEX(Sheet1!$AM:$AM,INT((ROWS($A$10:$A44)+1)/2)+1)="",INDEX(Sheet1!$BA:$BA,INT((ROWS($A$10:$A44)+1)/2)+1)<>""),INDEX(Sheet1!$N:$N,INT((ROWS($A$10:$A44)+1)/2)+1)=""),"",INDEX(Sheet1!$N:$N,INT((ROWS($A$10:$A44)+1)/2)+1)) | E44: =IF(INDEX(Sheet1!$AM:$AM,INT((ROWS($A$10:$A44)+1)/2)+1)<>"","第一種","") | F44: =IF(E44="","",INDEX(Sheet1!$AO:$AO,INT((ROWS($A$10:$A44)+1)/2)+1)&"") | G44: =IF(OR(E44="",INDEX(Sheet1!$AY:$AY,INT((ROWS($A$10:$A44)+1)/2)+1)=""),"",INDEX(Sheet1!$AY:$AY,INT((ROWS($A$10:$A44)+1)/2)+1)) | H44: =IF(INDEX(Sheet1!$AD:$AD,INT((ROWS($A$10:$A44)+1)/2)+1)="","",INDEX(Sheet1!$AD:$AD,INT((ROWS($A$10:$A44)+1)/2)+1)) | I44: =IF(INDEX(Sheet1!$AK:$AK,INT((ROWS($A$10:$A44)+1)/2)+1)="","",INDEX(Sheet1!$AK:$AK,INT((ROWS($A$10:$A44)+1)/2)+1))
A45: =IF(E45="","",IF(E44="",INDEX(Sheet1!$AC:$AC,INT((ROWS($A$10:$A45)+1)/2)+1)&"","〃")) | B45: =IF(E45="","",IF(E44="",INDEX(Sheet1!$B:$B,INT((ROWS($A$10:$A45)+1)/2)+1)&"","〃")) | C45: =IF(E45="","",IF(E44="",INDEX(Sheet1!$CN:$CN,INT((ROWS($A$10:$A45)+1)/2)+1)&"","〃")) | D45: =IF(E45="","",IF(E44="",IF(INDEX(Sheet1!$N:$N,INT((ROWS($A$10:$A45)+1)/2)+1)="","",INDEX(Sheet1!$N:$N,INT((ROWS($A$10:$A45)+1)/2)+1)),"〃")) | E45: =IF(INDEX(Sheet1!$BA:$BA,INT((ROWS($A$10:$A45)+1)/2)+1)<>"","わな猟","") | F45: =IF(E45="","",INDEX(Sheet1!$BC:$BC,INT((ROWS($A$10:$A45)+1)/2)+1)&"") | G45: =IF(E45="","",IF(INDEX(Sheet1!$BM:$BM,INT((ROWS($A$10:$A45)+1)/2)+1)="","",INDEX(Sheet1!$BM:$BM,INT((ROWS($A$10:$A45)+1)/2)+1)))
A46: =IF(AND(INDEX(Sheet1!$AM:$AM,INT((ROWS($A$10:$A46)+1)/2)+1)="",INDEX(Sheet1!$BA:$BA,INT((ROWS($A$10:$A46)+1)/2)+1)<>""),"",INDEX(Sheet1!$AC:$AC,INT((ROWS($A$10:$A46)+1)/2)+1)&"") | B46: =IF(AND(INDEX(Sheet1!$AM:$AM,INT((ROWS($A$10:$A46)+1)/2)+1)="",INDEX(Sheet1!$BA:$BA,INT((ROWS($A$10:$A46)+1)/2)+1)<>""),"",INDEX(Sheet1!$B:$B,INT((ROWS($A$10:$A46)+1)/2)+1)&"") | C46: =IF(AND(INDEX(Sheet1!$AM:$AM,INT((ROWS($A$10:$A46)+1)/2)+1)="",INDEX(Sheet1!$BA:$BA,INT((ROWS($A$10:$A46)+1)/2)+1)<>""),"",INDEX(Sheet1!$CN:$CN,INT((ROWS($A$10:$A46)+1)/2)+1)&"") | D46: =IF(OR(AND(INDEX(Sheet1!$AM:$AM,INT((ROWS($A$10:$A46)+1)/2)+1)="",INDEX(Sheet1!$BA:$BA,INT((ROWS($A$10:$A46)+1)/2)+1)<>""),INDEX(Sheet1!$N:$N,INT((ROWS($A$10:$A46)+1)/2)+1)=""),"",INDEX(Sheet1!$N:$N,INT((ROWS($A$10:$A46)+1)/2)+1)) | E46: =IF(INDEX(Sheet1!$AM:$AM,INT((ROWS($A$10:$A46)+1)/2)+1)<>"","第一種","") | F46: =IF(E46="","",INDEX(Sheet1!$AO:$AO,INT((ROWS($A$10:$A46)+1)/2)+1)&"") | G46: =IF(OR(E46="",INDEX(Sheet1!$AY:$AY,INT((ROWS($A$10:$A46)+1)/2)+1)=""),"",INDEX(Sheet1!$AY:$AY,INT((ROWS($A$10:$A46)+1)/2)+1)) | H46: =IF(INDEX(Sheet1!$AD:$AD,INT((ROWS($A$10:$A46)+1)/2)+1)="","",INDEX(Sheet1!$AD:$AD,INT((ROWS($A$10:$A46)+1)/2)+1)) | I46: =IF(INDEX(Sheet1!$AK:$AK,INT((ROWS($A$10:$A46)+1)/2)+1)="","",INDEX(Sheet1!$AK:$AK,INT((ROWS($A$10:$A46)+1)/2)+1))
A47: =IF(E47="","",IF(E46="",INDEX(Sheet1!$AC:$AC,INT((ROWS($A$10:$A47)+1)/2)+1)&"","〃")) | B47: =IF(E47="","",IF(E46="",INDEX(Sheet1!$B:$B,INT((ROWS($A$10:$A47)+1)/2)+1)&"","〃")) | C47: =IF(E47="","",IF(E46="",INDEX(Sheet1!$CN:$CN,INT((ROWS($A$10:$A47)+1)/2)+1)&"","〃")) | D47: =IF(E47="","",IF(E46="",IF(INDEX(Sheet1!$N:$N,INT((ROWS($A$10:$A47)+1)/2)+1)="","",INDEX(Sheet1!$N:$N,INT((ROWS($A$10:$A47)+1)/2)+1)),"〃")) | E47: =IF(INDEX(Sheet1!$BA:$BA,INT((ROWS($A$10:$A47)+1)/2)+1)<>"","わな猟","") | F47: =IF(E47="","",INDEX(Sheet1!$BC:$BC,INT((ROWS($A$10:$A47)+1)/2)+1)&"") | G47: =IF(E47="","",IF(INDEX(Sheet1!$BM:$BM,INT((ROWS($A$10:$A47)+1)/2)+1)="","",INDEX(Sheet1!$BM:$BM,INT((ROWS($A$10:$A47)+1)/2)+1)))
A48: =IF(AND(INDEX(Sheet1!$AM:$AM,INT((ROWS($A$10:$A48)+1)/2)+1)="",INDEX(Sheet1!$BA:$BA,INT((ROWS($A$10:$A48)+1)/2)+1)<>""),"",INDEX(Sheet1!$AC:$AC,INT((ROWS($A$10:$A48)+1)/2)+1)&"") | B48: =IF(AND(INDEX(Sheet1!$AM:$AM,INT((ROWS($A$10:$A48)+1)/2)+1)="",INDEX(Sheet1!$BA:$BA,INT((ROWS($A$10:$A48)+1)/2)+1)<>""),"",INDEX(Sheet1!$B:$B,INT((ROWS($A$10:$A48)+1)/2)+1)&"") | C48: =IF(AND(INDEX(Sheet1!$AM:$AM,INT((ROWS($A$10:$A48)+1)/2)+1)="",INDEX(Sheet1!$BA:$BA,INT((ROWS($A$10:$A48)+1)/2)+1)<>""),"",INDEX(Sheet1!$CN:$CN,INT((ROWS($A$10:$A48)+1)/2)+1)&"") | D48: =IF(OR(AND(INDEX(Sheet1!$AM:$AM,INT((ROWS($A$10:$A48)+1)/2)+1)="",INDEX(Sheet1!$BA:$BA,INT((ROWS($A$10:$A48)+1)/2)+1)<>""),INDEX(Sheet1!$N:$N,INT((ROWS($A$10:$A48)+1)/2)+1)=""),"",INDEX(Sheet1!$N:$N,INT((ROWS($A$10:$A48)+1)/2)+1)) | E48: =IF(INDEX(Sheet1!$AM:$AM,INT((ROWS($A$10:$A48)+1)/2)+1)<>"","第一種","") | F48: =IF(E48="","",INDEX(Sheet1!$AO:$AO,INT((ROWS($A$10:$A48)+1)/2)+1)&"") | G48: =IF(OR(E48="",INDEX(Sheet1!$AY:$AY,INT((ROWS($A$10:$A48)+1)/2)+1)=""),"",INDEX(Sheet1!$AY:$AY,INT((ROWS($A$10:$A48)+1)/2)+1)) | H48: =IF(INDEX(Sheet1!$AD:$AD,INT((ROWS($A$10:$A48)+1)/2)+1)="","",INDEX(Sheet1!$AD:$AD,INT((ROWS($A$10:$A48)+1)/2)+1)) | I48: =IF(INDEX(Sheet1!$AK:$AK,INT((ROWS($A$10:$A48)+1)/2)+1)="","",INDEX(Sheet1!$AK:$AK,INT((ROWS($A$10:$A48)+1)/2)+1))
A49: =IF(E49="","",IF(E48="",INDEX(Sheet1!$AC:$AC,INT((ROWS($A$10:$A49)+1)/2)+1)&"","〃")) | B49: =IF(E49="","",IF(E48="",INDEX(Sheet1!$B:$B,INT((ROWS($A$10:$A49)+1)/2)+1)&"","〃")) | C49: =IF(E49="","",IF(E48="",INDEX(Sheet1!$CN:$CN,INT((ROWS($A$10:$A49)+1)/2)+1)&"","〃")) | D49: =IF(E49="","",IF(E48="",IF(INDEX(Sheet1!$N:$N,INT((ROWS($A$10:$A49)+1)/2)+1)="","",INDEX(Sheet1!$N:$N,INT((ROWS($A$10:$A49)+1)/2)+1)),"〃")) | E49: =IF(INDEX(Sheet1!$BA:$BA,INT((ROWS($A$10:$A49)+1)/2)+1)<>"","わな猟","") | F49: =IF(E49="","",INDEX(Sheet1!$BC:$BC,INT((ROWS($A$10:$A49)+1)/2)+1)&"") | G49: =IF(E49="","",IF(INDEX(Sheet1!$BM:$BM,INT((ROWS($A$10:$A49)+1)/2)+1)="","",INDEX(Sheet1!$BM:$BM,INT((ROWS($A$10:$A49)+1)/2)+1)))
A50: =IF(AND(INDEX(Sheet1!$AM:$AM,INT((ROWS($A$10:$A50)+1)/2)+1)="",INDEX(Sheet1!$BA:$BA,INT((ROWS($A$10:$A50)+1)/2)+1)<>""),"",INDEX(Sheet1!$AC:$AC,INT((ROWS($A$10:$A50)+1)/2)+1)&"") | B50: =IF(AND(INDEX(Sheet1!$AM:$AM,INT((ROWS($A$10:$A50)+1)/2)+1)="",INDEX(Sheet1!$BA:$BA,INT((ROWS($A$10:$A50)+1)/2)+1)<>""),"",INDEX(Sheet1!$B:$B,INT((ROWS($A$10:$A50)+1)/2)+1)&"") | C50: =IF(AND(INDEX(Sheet1!$AM:$AM,INT((ROWS($A$10:$A50)+1)/2)+1)="",INDEX(Sheet1!$BA:$BA,INT((ROWS($A$10:$A50)+1)/2)+1)<>""),"",INDEX(Sheet1!$CN:$CN,INT((ROWS($A$10:$A50)+1)/2)+1)&"") | D50: =IF(OR(AND(INDEX(Sheet1!$AM:$AM,INT((ROWS($A$10:$A50)+1)/2)+1)="",INDEX(Sheet1!$BA:$BA,INT((ROWS($A$10:$A50)+1)/2)+1)<>""),INDEX(Sheet1!$N:$N,INT((ROWS($A$10:$A50)+1)/2)+1)=""),"",INDEX(Sheet1!$N:$N,INT((ROWS($A$10:$A50)+1)/2)+1)) | E50: =IF(INDEX(Sheet1!$AM:$AM,INT((ROWS($A$10:$A50)+1)/2)+1)<>"","第一種","") | F50: =IF(E50="","",INDEX(Sheet1!$AO:$AO,INT((ROWS($A$10:$A50)+1)/2)+1)&"") | G50: =IF(OR(E50="",INDEX(Sheet1!$AY:$AY,INT((ROWS($A$10:$A50)+1)/2)+1)=""),"",INDEX(Sheet1!$AY:$AY,INT((ROWS($A$10:$A50)+1)/2)+1)) | H50: =IF(INDEX(Sheet1!$AD:$AD,INT((ROWS($A$10:$A50)+1)/2)+1)="","",INDEX(Sheet1!$AD:$AD,INT((ROWS($A$10:$A50)+1)/2)+1)) | I50: =IF(INDEX(Sheet1!$AK:$AK,INT((ROWS($A$10:$A50)+1)/2)+1)="","",INDEX(Sheet1!$AK:$AK,INT((ROWS($A$10:$A50)+1)/2)+1))
A51: =IF(E51="","",IF(E50="",INDEX(Sheet1!$AC:$AC,INT((ROWS($A$10:$A51)+1)/2)+1)&"","〃")) | B51: =IF(E51="","",IF(E50="",INDEX(Sheet1!$B:$B,INT((ROWS($A$10:$A51)+1)/2)+1)&"","〃")) | C51: =IF(E51="","",IF(E50="",INDEX(Sheet1!$CN:$CN,INT((ROWS($A$10:$A51)+1)/2)+1)&"","〃")) | D51: =IF(E51="","",IF(E50="",IF(INDEX(Sheet1!$N:$N,INT((ROWS($A$10:$A51)+1)/2)+1)="","",INDEX(Sheet1!$N:$N,INT((ROWS($A$10:$A51)+1)/2)+1)),"〃")) | E51: =IF(INDEX(Sheet1!$BA:$BA,INT((ROWS($A$10:$A51)+1)/2)+1)<>"","わな猟","") | F51: =IF(E51="","",INDEX(Sheet1!$BC:$BC,INT((ROWS($A$10:$A51)+1)/2)+1)&"") | G51: =IF(E51="","",IF(INDEX(Sheet1!$BM:$BM,INT((ROWS($A$10:$A51)+1)/2)+1)="","",INDEX(Sheet1!$BM:$BM,INT((ROWS($A$10:$A51)+1)/2)+1)))
A52: =IF(AND(INDEX(Sheet1!$AM:$AM,INT((ROWS($A$10:$A52)+1)/2)+1)="",INDEX(Sheet1!$BA:$BA,INT((ROWS($A$10:$A52)+1)/2)+1)<>""),"",INDEX(Sheet1!$AC:$AC,INT((ROWS($A$10:$A52)+1)/2)+1)&"") | B52: =IF(AND(INDEX(Sheet1!$AM:$AM,INT((ROWS($A$10:$A52)+1)/2)+1)="",INDEX(Sheet1!$BA:$BA,INT((ROWS($A$10:$A52)+1)/2)+1)<>""),"",INDEX(Sheet1!$B:$B,INT((ROWS($A$10:$A52)+1)/2)+1)&"") | C52: =IF(AND(INDEX(Sheet1!$AM:$AM,INT((ROWS($A$10:$A52)+1)/2)+1)="",INDEX(Sheet1!$BA:$BA,INT((ROWS($A$10:$A52)+1)/2)+1)<>""),"",INDEX(Sheet1!$CN:$CN,INT((ROWS($A$10:$A52)+1)/2)+1)&"") | D52: =IF(OR(AND(INDEX(Sheet1!$AM:$AM,INT((ROWS($A$10:$A52)+1)/2)+1)="",INDEX(Sheet1!$BA:$BA,INT((ROWS($A$10:$A52)+1)/2)+1)<>""),INDEX(Sheet1!$N:$N,INT((ROWS($A$10:$A52)+1)/2)+1)=""),"",INDEX(Sheet1!$N:$N,INT((ROWS($A$10:$A52)+1)/2)+1)) | E52: =IF(INDEX(Sheet1!$AM:$AM,INT((ROWS($A$10:$A52)+1)/2)+1)<>"","第一種","") | F52: =IF(E52="","",INDEX(Sheet1!$AO:$AO,INT((ROWS($A$10:$A52)+1)/2)+1)&"") | G52: =IF(OR(E52="",INDEX(Sheet1!$AY:$AY,INT((ROWS($A$10:$A52)+1)/2)+1)=""),"",INDEX(Sheet1!$AY:$AY,INT((ROWS($A$10:$A52)+1)/2)+1)) | H52: =IF(INDEX(Sheet1!$AD:$AD,INT((ROWS($A$10:$A52)+1)/2)+1)="","",INDEX(Sheet1!$AD:$AD,INT((ROWS($A$10:$A52)+1)/2)+1)) | I52: =IF(INDEX(Sheet1!$AK:$AK,INT((ROWS($A$10:$A52)+1)/2)+1)="","",INDEX(Sheet1!$AK:$AK,INT((ROWS($A$10:$A52)+1)/2)+1))
A53: =IF(E53="","",IF(E52="",INDEX(Sheet1!$AC:$AC,INT((ROWS($A$10:$A53)+1)/2)+1)&"","〃")) | B53: =IF(E53="","",IF(E52="",INDEX(Sheet1!$B:$B,INT((ROWS($A$10:$A53)+1)/2)+1)&"","〃")) | C53: =IF(E53="","",IF(E52="",INDEX(Sheet1!$CN:$CN,INT((ROWS($A$10:$A53)+1)/2)+1)&"","〃")) | D53: =IF(E53="","",IF(E52="",IF(INDEX(Sheet1!$N:$N,INT((ROWS($A$10:$A53)+1)/2)+1)="","",INDEX(Sheet1!$N:$N,INT((ROWS($A$10:$A53)+1)/2)+1)),"〃")) | E53: =IF(INDEX(Sheet1!$BA:$BA,INT((ROWS($A$10:$A53)+1)/2)+1)<>"","わな猟","") | F53: =IF(E53="","",INDEX(Sheet1!$BC:$BC,INT((ROWS($A$10:$A53)+1)/2)+1)&"") | G53: =IF(E53="","",IF(INDEX(Sheet1!$BM:$BM,INT((ROWS($A$10:$A53)+1)/2)+1)="","",INDEX(Sheet1!$BM:$BM,INT((ROWS($A$10:$A53)+1)/2)+1)))
A54: =IF(AND(INDEX(Sheet1!$AM:$AM,INT((ROWS($A$10:$A54)+1)/2)+1)="",INDEX(Sheet1!$BA:$BA,INT((ROWS($A$10:$A54)+1)/2)+1)<>""),"",INDEX(Sheet1!$AC:$AC,INT((ROWS($A$10:$A54)+1)/2)+1)&"") | B54: =IF(AND(INDEX(Sheet1!$AM:$AM,INT((ROWS($A$10:$A54)+1)/2)+1)="",INDEX(Sheet1!$BA:$BA,INT((ROWS($A$10:$A54)+1)/2)+1)<>""),"",INDEX(Sheet1!$B:$B,INT((ROWS($A$10:$A54)+1)/2)+1)&"") | C54: =IF(AND(INDEX(Sheet1!$AM:$AM,INT((ROWS($A$10:$A54)+1)/2)+1)="",INDEX(Sheet1!$BA:$BA,INT((ROWS($A$10:$A54)+1)/2)+1)<>""),"",INDEX(Sheet1!$CN:$CN,INT((ROWS($A$10:$A54)+1)/2)+1)&"") | D54: =IF(OR(AND(INDEX(Sheet1!$AM:$AM,INT((ROWS($A$10:$A54)+1)/2)+1)="",INDEX(Sheet1!$BA:$BA,INT((ROWS($A$10:$A54)+1)/2)+1)<>""),INDEX(Sheet1!$N:$N,INT((ROWS($A$10:$A54)+1)/2)+1)=""),"",INDEX(Sheet1!$N:$N,INT((ROWS($A$10:$A54)+1)/2)+1)) | E54: =IF(INDEX(Sheet1!$AM:$AM,INT((ROWS($A$10:$A54)+1)/2)+1)<>"","第一種","") | F54: =IF(E54="","",INDEX(Sheet1!$AO:$AO,INT((ROWS($A$10:$A54)+1)/2)+1)&"") | G54: =IF(OR(E54="",INDEX(Sheet1!$AY:$AY,INT((ROWS($A$10:$A54)+1)/2)+1)=""),"",INDEX(Sheet1!$AY:$AY,INT((ROWS($A$10:$A54)+1)/2)+1)) | H54: =IF(INDEX(Sheet1!$AD:$AD,INT((ROWS($A$10:$A54)+1)/2)+1)="","",INDEX(Sheet1!$AD:$AD,INT((ROWS($A$10:$A54)+1)/2)+1)) | I54: =IF(INDEX(Sheet1!$AK:$AK,INT((ROWS($A$10:$A54)+1)/2)+1)="","",INDEX(Sheet1!$AK:$AK,INT((ROWS($A$10:$A54)+1)/2)+1))
A55: =IF(E55="","",IF(E54="",INDEX(Sheet1!$AC:$AC,INT((ROWS($A$10:$A55)+1)/2)+1)&"","〃")) | B55: =IF(E55="","",IF(E54="",INDEX(Sheet1!$B:$B,INT((ROWS($A$10:$A55)+1)/2)+1)&"","〃")) | C55: =IF(E55="","",IF(E54="",INDEX(Sheet1!$CN:$CN,INT((ROWS($A$10:$A55)+1)/2)+1)&"","〃")) | D55: =IF(E55="","",IF(E54="",IF(INDEX(Sheet1!$N:$N,INT((ROWS($A$10:$A55)+1)/2)+1)="","",INDEX(Sheet1!$N:$N,INT((ROWS($A$10:$A55)+1)/2)+1)),"〃")) | E55: =IF(INDEX(Sheet1!$BA:$BA,INT((ROWS($A$10:$A55)+1)/2)+1)<>"","わな猟","") | F55: =IF(E55="","",INDEX(Sheet1!$BC:$BC,INT((ROWS($A$10:$A55)+1)/2)+1)&"") | G55: =IF(E55="","",IF(INDEX(Sheet1!$BM:$BM,INT((ROWS($A$10:$A55)+1)/2)+1)="","",INDEX(Sheet1!$BM:$BM,INT((ROWS($A$10:$A55)+1)/2)+1)))
A56: =IF(AND(INDEX(Sheet1!$AM:$AM,INT((ROWS($A$10:$A56)+1)/2)+1)="",INDEX(Sheet1!$BA:$BA,INT((ROWS($A$10:$A56)+1)/2)+1)<>""),"",INDEX(Sheet1!$AC:$AC,INT((ROWS($A$10:$A56)+1)/2)+1)&"") | B56: =IF(AND(INDEX(Sheet1!$AM:$AM,INT((ROWS($A$10:$A56)+1)/2)+1)="",INDEX(Sheet1!$BA:$BA,INT((ROWS($A$10:$A56)+1)/2)+1)<>""),"",INDEX(Sheet1!$B:$B,INT((ROWS($A$10:$A56)+1)/2)+1)&"") | C56: =IF(AND(INDEX(Sheet1!$AM:$AM,INT((ROWS($A$10:$A56)+1)/2)+1)="",INDEX(Sheet1!$BA:$BA,INT((ROWS($A$10:$A56)+1)/2)+1)<>""),"",INDEX(Sheet1!$CN:$CN,INT((ROWS($A$10:$A56)+1)/2)+1)&"") | D56: =IF(OR(AND(INDEX(Sheet1!$AM:$AM,INT((ROWS($A$10:$A56)+1)/2)+1)="",INDEX(Sheet1!$BA:$BA,INT((ROWS($A$10:$A56)+1)/2)+1)<>""),INDEX(Sheet1!$N:$N,INT((ROWS($A$10:$A56)+1)/2)+1)=""),"",INDEX(Sheet1!$N:$N,INT((ROWS($A$10:$A56)+1)/2)+1)) | E56: =IF(INDEX(Sheet1!$AM:$AM,INT((ROWS($A$10:$A56)+1)/2)+1)<>"","第一種","") | F56: =IF(E56="","",INDEX(Sheet1!$AO:$AO,INT((ROWS($A$10:$A56)+1)/2)+1)&"") | G56: =IF(OR(E56="",INDEX(Sheet1!$AY:$AY,INT((ROWS($A$10:$A56)+1)/2)+1)=""),"",INDEX(Sheet1!$AY:$AY,INT((ROWS($A$10:$A56)+1)/2)+1)) | H56: =IF(INDEX(Sheet1!$AD:$AD,INT((ROWS($A$10:$A56)+1)/2)+1)="","",INDEX(Sheet1!$AD:$AD,INT((ROWS($A$10:$A56)+1)/2)+1)) | I56: =IF(INDEX(Sheet1!$AK:$AK,INT((ROWS($A$10:$A56)+1)/2)+1)="","",INDEX(Sheet1!$AK:$AK,INT((ROWS($A$10:$A56)+1)/2)+1))
A57: =IF(E57="","",IF(E56="",INDEX(Sheet1!$AC:$AC,INT((ROWS($A$10:$A57)+1)/2)+1)&"","〃")) | B57: =IF(E57="","",IF(E56="",INDEX(Sheet1!$B:$B,INT((ROWS($A$10:$A57)+1)/2)+1)&"","〃")) | C57: =IF(E57="","",IF(E56="",INDEX(Sheet1!$CN:$CN,INT((ROWS($A$10:$A57)+1)/2)+1)&"","〃")) | D57: =IF(E57="","",IF(E56="",IF(INDEX(Sheet1!$N:$N,INT((ROWS($A$10:$A57)+1)/2)+1)="","",INDEX(Sheet1!$N:$N,INT((ROWS($A$10:$A57)+1)/2)+1)),"〃")) | E57: =IF(INDEX(Sheet1!$BA:$BA,INT((ROWS($A$10:$A57)+1)/2)+1)<>"","わな猟","") | F57: =IF(E57="","",INDEX(Sheet1!$BC:$BC,INT((ROWS($A$10:$A57)+1)/2)+1)&"") | G57: =IF(E57="","",IF(INDEX(Sheet1!$BM:$BM,INT((ROWS($A$10:$A57)+1)/2)+1)="","",INDEX(Sheet1!$BM:$BM,INT((ROWS($A$10:$A57)+1)/2)+1)))
A58: =IF(AND(INDEX(Sheet1!$AM:$AM,INT((ROWS($A$10:$A58)+1)/2)+1)="",INDEX(Sheet1!$BA:$BA,INT((ROWS($A$10:$A58)+1)/2)+1)<>""),"",INDEX(Sheet1!$AC:$AC,INT((ROWS($A$10:$A58)+1)/2)+1)&"") | B58: =IF(AND(INDEX(Sheet1!$AM:$AM,INT((ROWS($A$10:$A58)+1)/2)+1)="",INDEX(Sheet1!$BA:$BA,INT((ROWS($A$10:$A58)+1)/2)+1)<>""),"",INDEX(Sheet1!$B:$B,INT((ROWS($A$10:$A58)+1)/2)+1)&"") | C58: =IF(AND(INDEX(Sheet1!$AM:$AM,INT((ROWS($A$10:$A58)+1)/2)+1)="",INDEX(Sheet1!$BA:$BA,INT((ROWS($A$10:$A58)+1)/2)+1)<>""),"",INDEX(Sheet1!$CN:$CN,INT((ROWS($A$10:$A58)+1)/2)+1)&"") | D58: =IF(OR(AND(INDEX(Sheet1!$AM:$AM,INT((ROWS($A$10:$A58)+1)/2)+1)="",INDEX(Sheet1!$BA:$BA,INT((ROWS($A$10:$A58)+1)/2)+1)<>""),INDEX(Sheet1!$N:$N,INT((ROWS($A$10:$A58)+1)/2)+1)=""),"",INDEX(Sheet1!$N:$N,INT((ROWS($A$10:$A58)+1)/2)+1)) | E58: =IF(INDEX(Sheet1!$AM:$AM,INT((ROWS($A$10:$A58)+1)/2)+1)<>"","第一種","") | F58: =IF(E58="","",INDEX(Sheet1!$AO:$AO,INT((ROWS($A$10:$A58)+1)/2)+1)&"") | G58: =IF(OR(E58="",INDEX(Sheet1!$AY:$AY,INT((ROWS($A$10:$A58)+1)/2)+1)=""),"",INDEX(Sheet1!$AY:$AY,INT((ROWS($A$10:$A58)+1)/2)+1)) | H58: =IF(INDEX(Sheet1!$AD:$AD,INT((ROWS($A$10:$A58)+1)/2)+1)="","",INDEX(Sheet1!$AD:$AD,INT((ROWS($A$10:$A58)+1)/2)+1)) | I58: =IF(INDEX(Sheet1!$AK:$AK,INT((ROWS($A$10:$A58)+1)/2)+1)="","",INDEX(Sheet1!$AK:$AK,INT((ROWS($A$10:$A58)+1)/2)+1))
A59: =IF(E59="","",IF(E58="",INDEX(Sheet1!$AC:$AC,INT((ROWS($A$10:$A59)+1)/2)+1)&"","〃")) | B59: =IF(E59="","",IF(E58="",INDEX(Sheet1!$B:$B,INT((ROWS($A$10:$A59)+1)/2)+1)&"","〃")) | C59: =IF(E59="","",IF(E58="",INDEX(Sheet1!$CN:$CN,INT((ROWS($A$10:$A59)+1)/2)+1)&"","〃")) | D59: =IF(E59="","",IF(E58="",IF(INDEX(Sheet1!$N:$N,INT((ROWS($A$10:$A59)+1)/2)+1)="","",INDEX(Sheet1!$N:$N,INT((ROWS($A$10:$A59)+1)/2)+1)),"〃")) | E59: =IF(INDEX(Sheet1!$BA:$BA,INT((ROWS($A$10:$A59)+1)/2)+1)<>"","わな猟","") | F59: =IF(E59="","",INDEX(Sheet1!$BC:$BC,INT((ROWS($A$10:$A59)+1)/2)+1)&"") | G59: =IF(E59="","",IF(INDEX(Sheet1!$BM:$BM,INT((ROWS($A$10:$A59)+1)/2)+1)="","",INDEX(Sheet1!$BM:$BM,INT((ROWS($A$10:$A59)+1)/2)+1)))
A60: =IF(AND(INDEX(Sheet1!$AM:$AM,INT((ROWS($A$10:$A60)+1)/2)+1)="",INDEX(Sheet1!$BA:$BA,INT((ROWS($A$10:$A60)+1)/2)+1)<>""),"",INDEX(Sheet1!$AC:$AC,INT((ROWS($A$10:$A60)+1)/2)+1)&"") | B60: =IF(AND(INDEX(Sheet1!$AM:$AM,INT((ROWS($A$10:$A60)+1)/2)+1)="",INDEX(Sheet1!$BA:$BA,INT((ROWS($A$10:$A60)+1)/2)+1)<>""),"",INDEX(Sheet1!$B:$B,INT((ROWS($A$10:$A60)+1)/2)+1)&"") | C60: =IF(AND(INDEX(Sheet1!$AM:$AM,INT((ROWS($A$10:$A60)+1)/2)+1)="",INDEX(Sheet1!$BA:$BA,INT((ROWS($A$10:$A60)+1)/2)+1)<>""),"",INDEX(Sheet1!$CN:$CN,INT((ROWS($A$10:$A60)+1)/2)+1)&"") | D60: =IF(OR(AND(INDEX(Sheet1!$AM:$AM,INT((ROWS($A$10:$A60)+1)/2)+1)="",INDEX(Sheet1!$BA:$BA,INT((ROWS($A$10:$A60)+1)/2)+1)<>""),INDEX(Sheet1!$N:$N,INT((ROWS($A$10:$A60)+1)/2)+1)=""),"",INDEX(Sheet1!$N:$N,INT((ROWS($A$10:$A60)+1)/2)+1)) | E60: =IF(INDEX(Sheet1!$AM:$AM,INT((ROWS($A$10:$A60)+1)/2)+1)<>"","第一種","") | F60: =IF(E60="","",INDEX(Sheet1!$AO:$AO,INT((ROWS($A$10:$A60)+1)/2)+1)&"") | G60: =IF(OR(E60="",INDEX(Sheet1!$AY:$AY,INT((ROWS($A$10:$A60)+1)/2)+1)=""),"",INDEX(Sheet1!$AY:$AY,INT((ROWS($A$10:$A60)+1)/2)+1)) | H60: =IF(INDEX(Sheet1!$AD:$AD,INT((ROWS($A$10:$A60)+1)/2)+1)="","",INDEX(Sheet1!$AD:$AD,INT((ROWS($A$10:$A60)+1)/2)+1)) | I60: =IF(INDEX(Sheet1!$AK:$AK,INT((ROWS($A$10:$A60)+1)/2)+1)="","",INDEX(Sheet1!$AK:$AK,INT((ROWS($A$10:$A60)+1)/2)+1))
A61: =IF(E61="","",IF(E60="",INDEX(Sheet1!$AC:$AC,INT((ROWS($A$10:$A61)+1)/2)+1)&"","〃")) | B61: =IF(E61="","",IF(E60="",INDEX(Sheet1!$B:$B,INT((ROWS($A$10:$A61)+1)/2)+1)&"","〃")) | C61: =IF(E61="","",IF(E60="",INDEX(Sheet1!$CN:$CN,INT((ROWS($A$10:$A61)+1)/2)+1)&"","〃")) | D61: =IF(E61="","",IF(E60="",IF(INDEX(Sheet1!$N:$N,INT((ROWS($A$10:$A61)+1)/2)+1)="","",INDEX(Sheet1!$N:$N,INT((ROWS($A$10:$A61)+1)/2)+1)),"〃")) | E61: =IF(INDEX(Sheet1!$BA:$BA,INT((ROWS($A$10:$A61)+1)/2)+1)<>"","わな猟","") | F61: =IF(E61="","",INDEX(Sheet1!$BC:$BC,INT((ROWS($A$10:$A61)+1)/2)+1)&"") | G61: =IF(E61="","",IF(INDEX(Sheet1!$BM:$BM,INT((ROWS($A$10:$A61)+1)/2)+1)="","",INDEX(Sheet1!$BM:$BM,INT((ROWS($A$10:$A61)+1)/2)+1)))
A62: =IF(AND(INDEX(Sheet1!$AM:$AM,INT((ROWS($A$10:$A62)+1)/2)+1)="",INDEX(Sheet1!$BA:$BA,INT((ROWS($A$10:$A62)+1)/2)+1)<>""),"",INDEX(Sheet1!$AC:$AC,INT((ROWS($A$10:$A62)+1)/2)+1)&"") | B62: =IF(AND(INDEX(Sheet1!$AM:$AM,INT((ROWS($A$10:$A62)+1)/2)+1)="",INDEX(Sheet1!$BA:$BA,INT((ROWS($A$10:$A62)+1)/2)+1)<>""),"",INDEX(Sheet1!$B:$B,INT((ROWS($A$10:$A62)+1)/2)+1)&"") | C62: =IF(AND(INDEX(Sheet1!$AM:$AM,INT((ROWS($A$10:$A62)+1)/2)+1)="",INDEX(Sheet1!$BA:$BA,INT((ROWS($A$10:$A62)+1)/2)+1)<>""),"",INDEX(Sheet1!$CN:$CN,INT((ROWS($A$10:$A62)+1)/2)+1)&"") | D62: =IF(OR(AND(INDEX(Sheet1!$AM:$AM,INT((ROWS($A$10:$A62)+1)/2)+1)="",INDEX(Sheet1!$BA:$BA,INT((ROWS($A$10:$A62)+1)/2)+1)<>""),INDEX(Sheet1!$N:$N,INT((ROWS($A$10:$A62)+1)/2)+1)=""),"",INDEX(Sheet1!$N:$N,INT((ROWS($A$10:$A62)+1)/2)+1)) | E62: =IF(INDEX(Sheet1!$AM:$AM,INT((ROWS($A$10:$A62)+1)/2)+1)<>"","第一種","") | F62: =IF(E62="","",INDEX(Sheet1!$AO:$AO,INT((ROWS($A$10:$A62)+1)/2)+1)&"") | G62: =IF(OR(E62="",INDEX(Sheet1!$AY:$AY,INT((ROWS($A$10:$A62)+1)/2)+1)=""),"",INDEX(Sheet1!$AY:$AY,INT((ROWS($A$10:$A62)+1)/2)+1)) | H62: =IF(INDEX(Sheet1!$AD:$AD,INT((ROWS($A$10:$A62)+1)/2)+1)="","",INDEX(Sheet1!$AD:$AD,INT((ROWS($A$10:$A62)+1)/2)+1)) | I62: =IF(INDEX(Sheet1!$AK:$AK,INT((ROWS($A$10:$A62)+1)/2)+1)="","",INDEX(Sheet1!$AK:$AK,INT((ROWS($A$10:$A62)+1)/2)+1))
A63: =IF(E63="","",IF(E62="",INDEX(Sheet1!$AC:$AC,INT((ROWS($A$10:$A63)+1)/2)+1)&"","〃")) | B63: =IF(E63="","",IF(E62="",INDEX(Sheet1!$B:$B,INT((ROWS($A$10:$A63)+1)/2)+1)&"","〃")) | C63: =IF(E63="","",IF(E62="",INDEX(Sheet1!$CN:$CN,INT((ROWS($A$10:$A63)+1)/2)+1)&"","〃")) | D63: =IF(E63="","",IF(E62="",IF(INDEX(Sheet1!$N:$N,INT((ROWS($A$10:$A63)+1)/2)+1)="","",INDEX(Sheet1!$N:$N,INT((ROWS($A$10:$A63)+1)/2)+1)),"〃")) | E63: =IF(INDEX(Sheet1!$BA:$BA,INT((ROWS($A$10:$A63)+1)/2)+1)<>"","わな猟","") | F63: =IF(E63="","",INDEX(Sheet1!$BC:$BC,INT((ROWS($A$10:$A63)+1)/2)+1)&"") | G63: =IF(E63="","",IF(INDEX(Sheet1!$BM:$BM,INT((ROWS($A$10:$A63)+1)/2)+1)="","",INDEX(Sheet1!$BM:$BM,INT((ROWS($A$10:$A63)+1)/2)+1)))
A64: =IF(AND(INDEX(Sheet1!$AM:$AM,INT((ROWS($A$10:$A64)+1)/2)+1)="",INDEX(Sheet1!$BA:$BA,INT((ROWS($A$10:$A64)+1)/2)+1)<>""),"",INDEX(Sheet1!$AC:$AC,INT((ROWS($A$10:$A64)+1)/2)+1)&"") | B64: =IF(AND(INDEX(Sheet1!$AM:$AM,INT((ROWS($A$10:$A64)+1)/2)+1)="",INDEX(Sheet1!$BA:$BA,INT((ROWS($A$10:$A64)+1)/2)+1)<>""),"",INDEX(Sheet1!$B:$B,INT((ROWS($A$10:$A64)+1)/2)+1)&"") | C64: =IF(AND(INDEX(Sheet1!$AM:$AM,INT((ROWS($A$10:$A64)+1)/2)+1)="",INDEX(Sheet1!$BA:$BA,INT((ROWS($A$10:$A64)+1)/2)+1)<>""),"",INDEX(Sheet1!$CN:$CN,INT((ROWS($A$10:$A64)+1)/2)+1)&"") | D64: =IF(OR(AND(INDEX(Sheet1!$AM:$AM,INT((ROWS($A$10:$A64)+1)/2)+1)="",INDEX(Sheet1!$BA:$BA,INT((ROWS($A$10:$A64)+1)/2)+1)<>""),INDEX(Sheet1!$N:$N,INT((ROWS($A$10:$A64)+1)/2)+1)=""),"",INDEX(Sheet1!$N:$N,INT((ROWS($A$10:$A64)+1)/2)+1)) | E64: =IF(INDEX(Sheet1!$AM:$AM,INT((ROWS($A$10:$A64)+1)/2)+1)<>"","第一種","") | F64: =IF(E64="","",INDEX(Sheet1!$AO:$AO,INT((ROWS($A$10:$A64)+1)/2)+1)&"") | G64: =IF(OR(E64="",INDEX(Sheet1!$AY:$AY,INT((ROWS($A$10:$A64)+1)/2)+1)=""),"",INDEX(Sheet1!$AY:$AY,INT((ROWS($A$10:$A64)+1)/2)+1)) | H64: =IF(INDEX(Sheet1!$AD:$AD,INT((ROWS($A$10:$A64)+1)/2)+1)="","",INDEX(Sheet1!$AD:$AD,INT((ROWS($A$10:$A64)+1)/2)+1)) | I64: =IF(INDEX(Sheet1!$AK:$AK,INT((ROWS($A$10:$A64)+1)/2)+1)="","",INDEX(Sheet1!$AK:$AK,INT((ROWS($A$10:$A64)+1)/2)+1))
A65: =IF(E65="","",IF(E64="",INDEX(Sheet1!$AC:$AC,INT((ROWS($A$10:$A65)+1)/2)+1)&"","〃")) | B65: =IF(E65="","",IF(E64="",INDEX(Sheet1!$B:$B,INT((ROWS($A$10:$A65)+1)/2)+1)&"","〃")) | C65: =IF(E65="","",IF(E64="",INDEX(Sheet1!$CN:$CN,INT((ROWS($A$10:$A65)+1)/2)+1)&"","〃")) | D65: =IF(E65="","",IF(E64="",IF(INDEX(Sheet1!$N:$N,INT((ROWS($A$10:$A65)+1)/2)+1)="","",INDEX(Sheet1!$N:$N,INT((ROWS($A$10:$A65)+1)/2)+1)),"〃")) | E65: =IF(INDEX(Sheet1!$BA:$BA,INT((ROWS($A$10:$A65)+1)/2)+1)<>"","わな猟","") | F65: =IF(E65="","",INDEX(Sheet1!$BC:$BC,INT((ROWS($A$10:$A65)+1)/2)+1)&"") | G65: =IF(E65="","",IF(INDEX(Sheet1!$BM:$BM,INT((ROWS($A$10:$A65)+1)/2)+1)="","",INDEX(Sheet1!$BM:$BM,INT((ROWS($A$10:$A65)+1)/2)+1)))
A66: =IF(AND(INDEX(Sheet1!$AM:$AM,INT((ROWS($A$10:$A66)+1)/2)+1)="",INDEX(Sheet1!$BA:$BA,INT((ROWS($A$10:$A66)+1)/2)+1)<>""),"",INDEX(Sheet1!$AC:$AC,INT((ROWS($A$10:$A66)+1)/2)+1)&"") | B66: =IF(AND(INDEX(Sheet1!$AM:$AM,INT((ROWS($A$10:$A66)+1)/2)+1)="",INDEX(Sheet1!$BA:$BA,INT((ROWS($A$10:$A66)+1)/2)+1)<>""),"",INDEX(Sheet1!$B:$B,INT((ROWS($A$10:$A66)+1)/2)+1)&"") | C66: =IF(AND(INDEX(Sheet1!$AM:$AM,INT((ROWS($A$10:$A66)+1)/2)+1)="",INDEX(Sheet1!$BA:$BA,INT((ROWS($A$10:$A66)+1)/2)+1)<>""),"",INDEX(Sheet1!$CN:$CN,INT((ROWS($A$10:$A66)+1)/2)+1)&"") | D66: =IF(OR(AND(INDEX(Sheet1!$AM:$AM,INT((ROWS($A$10:$A66)+1)/2)+1)="",INDEX(Sheet1!$BA:$BA,INT((ROWS($A$10:$A66)+1)/2)+1)<>""),INDEX(Sheet1!$N:$N,INT((ROWS($A$10:$A66)+1)/2)+1)=""),"",INDEX(Sheet1!$N:$N,INT((ROWS($A$10:$A66)+1)/2)+1)) | E66: =IF(INDEX(Sheet1!$AM:$AM,INT((ROWS($A$10:$A66)+1)/2)+1)<>"","第一種","") | F66: =IF(E66="","",INDEX(Sheet1!$AO:$AO,INT((ROWS($A$10:$A66)+1)/2)+1)&"") | G66: =IF(OR(E66="",INDEX(Sheet1!$AY:$AY,INT((ROWS($A$10:$A66)+1)/2)+1)=""),"",INDEX(Sheet1!$AY:$AY,INT((ROWS($A$10:$A66)+1)/2)+1)) | H66: =IF(INDEX(Sheet1!$AD:$AD,INT((ROWS($A$10:$A66)+1)/2)+1)="","",INDEX(Sheet1!$AD:$AD,INT((ROWS($A$10:$A66)+1)/2)+1)) | I66: =IF(INDEX(Sheet1!$AK:$AK,INT((ROWS($A$10:$A66)+1)/2)+1)="","",INDEX(Sheet1!$AK:$AK,INT((ROWS($A$10:$A66)+1)/2)+1))
A67: =IF(E67="","",IF(E66="",INDEX(Sheet1!$AC:$AC,INT((ROWS($A$10:$A67)+1)/2)+1)&"","〃")) | B67: =IF(E67="","",IF(E66="",INDEX(Sheet1!$B:$B,INT((ROWS($A$10:$A67)+1)/2)+1)&"","〃")) | C67: =IF(E67="","",IF(E66="",INDEX(Sheet1!$CN:$CN,INT((ROWS($A$10:$A67)+1)/2)+1)&"","〃")) | D67: =IF(E67="","",IF(E66="",IF(INDEX(Sheet1!$N:$N,INT((ROWS($A$10:$A67)+1)/2)+1)="","",INDEX(Sheet1!$N:$N,INT((ROWS($A$10:$A67)+1)/2)+1)),"〃")) | E67: =IF(INDEX(Sheet1!$BA:$BA,INT((ROWS($A$10:$A67)+1)/2)+1)<>"","わな猟","") | F67: =IF(E67="","",INDEX(Sheet1!$BC:$BC,INT((ROWS($A$10:$A67)+1)/2)+1)&"") | G67: =IF(E67="","",IF(INDEX(Sheet1!$BM:$BM,INT((ROWS($A$10:$A67)+1)/2)+1)="","",INDEX(Sheet1!$BM:$BM,INT((ROWS($A$10:$A67)+1)/2)+1)))
A68: =IF(AND(INDEX(Sheet1!$AM:$AM,INT((ROWS($A$10:$A68)+1)/2)+1)="",INDEX(Sheet1!$BA:$BA,INT((ROWS($A$10:$A68)+1)/2)+1)<>""),"",INDEX(Sheet1!$AC:$AC,INT((ROWS($A$10:$A68)+1)/2)+1)&"") | B68: =IF(AND(INDEX(Sheet1!$AM:$AM,INT((ROWS($A$10:$A68)+1)/2)+1)="",INDEX(Sheet1!$BA:$BA,INT((ROWS($A$10:$A68)+1)/2)+1)<>""),"",INDEX(Sheet1!$B:$B,INT((ROWS($A$10:$A68)+1)/2)+1)&"") | C68: =IF(AND(INDEX(Sheet1!$AM:$AM,INT((ROWS($A$10:$A68)+1)/2)+1)="",INDEX(Sheet1!$BA:$BA,INT((ROWS($A$10:$A68)+1)/2)+1)<>""),"",INDEX(Sheet1!$CN:$CN,INT((ROWS($A$10:$A68)+1)/2)+1)&"") | D68: =IF(OR(AND(INDEX(Sheet1!$AM:$AM,INT((ROWS($A$10:$A68)+1)/2)+1)="",INDEX(Sheet1!$BA:$BA,INT((ROWS($A$10:$A68)+1)/2)+1)<>""),INDEX(Sheet1!$N:$N,INT((ROWS($A$10:$A68)+1)/2)+1)=""),"",INDEX(Sheet1!$N:$N,INT((ROWS($A$10:$A68)+1)/2)+1)) | E68: =IF(INDEX(Sheet1!$AM:$AM,INT((ROWS($A$10:$A68)+1)/2)+1)<>"","第一種","") | F68: =IF(E68="","",INDEX(Sheet1!$AO:$AO,INT((ROWS($A$10:$A68)+1)/2)+1)&"") | G68: =IF(OR(E68="",INDEX(Sheet1!$AY:$AY,INT((ROWS($A$10:$A68)+1)/2)+1)=""),"",INDEX(Sheet1!$AY:$AY,INT((ROWS($A$10:$A68)+1)/2)+1)) | H68: =IF(INDEX(Sheet1!$AD:$AD,INT((ROWS($A$10:$A68)+1)/2)+1)="","",INDEX(Sheet1!$AD:$AD,INT((ROWS($A$10:$A68)+1)/2)+1)) | I68: =IF(INDEX(Sheet1!$AK:$AK,INT((ROWS($A$10:$A68)+1)/2)+1)="","",INDEX(Sheet1!$AK:$AK,INT((ROWS($A$10:$A68)+1)/2)+1))
A69: =IF(E69="","",IF(E68="",INDEX(Sheet1!$AC:$AC,INT((ROWS($A$10:$A69)+1)/2)+1)&"","〃")) | B69: =IF(E69="","",IF(E68="",INDEX(Sheet1!$B:$B,INT((ROWS($A$10:$A69)+1)/2)+1)&"","〃")) | C69: =IF(E69="","",IF(E68="",INDEX(Sheet1!$CN:$CN,INT((ROWS($A$10:$A69)+1)/2)+1)&"","〃")) | D69: =IF(E69="","",IF(E68="",IF(INDEX(Sheet1!$N:$N,INT((ROWS($A$10:$A69)+1)/2)+1)="","",INDEX(Sheet1!$N:$N,INT((ROWS($A$10:$A69)+1)/2)+1)),"〃")) | E69: =IF(INDEX(Sheet1!$BA:$BA,INT((ROWS($A$10:$A69)+1)/2)+1)<>"","わな猟","") | F69: =IF(E69="","",INDEX(Sheet1!$BC:$BC,INT((ROWS($A$10:$A69)+1)/2)+1)&"") | G69: =IF(E69="","",IF(INDEX(Sheet1!$BM:$BM,INT((ROWS($A$10:$A69)+1)/2)+1)="","",INDEX(Sheet1!$BM:$BM,INT((ROWS($A$10:$A69)+1)/2)+1)))
A70: =IF(AND(INDEX(Sheet1!$AM:$AM,INT((ROWS($A$10:$A70)+1)/2)+1)="",INDEX(Sheet1!$BA:$BA,INT((ROWS($A$10:$A70)+1)/2)+1)<>""),"",INDEX(Sheet1!$AC:$AC,INT((ROWS($A$10:$A70)+1)/2)+1)&"") | B70: =IF(AND(INDEX(Sheet1!$AM:$AM,INT((ROWS($A$10:$A70)+1)/2)+1)="",INDEX(Sheet1!$BA:$BA,INT((ROWS($A$10:$A70)+1)/2)+1)<>""),"",INDEX(Sheet1!$B:$B,INT((ROWS($A$10:$A70)+1)/2)+1)&"") | C70: =IF(AND(INDEX(Sheet1!$AM:$AM,INT((ROWS($A$10:$A70)+1)/2)+1)="",INDEX(Sheet1!$BA:$BA,INT((ROWS($A$10:$A70)+1)/2)+1)<>""),"",INDEX(Sheet1!$CN:$CN,INT((ROWS($A$10:$A70)+1)/2)+1)&"") | D70: =IF(OR(AND(INDEX(Sheet1!$AM:$AM,INT((ROWS($A$10:$A70)+1)/2)+1)="",INDEX(Sheet1!$BA:$BA,INT((ROWS($A$10:$A70)+1)/2)+1)<>""),INDEX(Sheet1!$N:$N,INT((ROWS($A$10:$A70)+1)/2)+1)=""),"",INDEX(Sheet1!$N:$N,INT((ROWS($A$10:$A70)+1)/2)+1)) | E70: =IF(INDEX(Sheet1!$AM:$AM,INT((ROWS($A$10:$A70)+1)/2)+1)<>"","第一種","") | F70: =IF(E70="","",INDEX(Sheet1!$AO:$AO,INT((ROWS($A$10:$A70)+1)/2)+1)&"") | G70: =IF(OR(E70="",INDEX(Sheet1!$AY:$AY,INT((ROWS($A$10:$A70)+1)/2)+1)=""),"",INDEX(Sheet1!$AY:$AY,INT((ROWS($A$10:$A70)+1)/2)+1)) | H70: =IF(INDEX(Sheet1!$AD:$AD,INT((ROWS($A$10:$A70)+1)/2)+1)="","",INDEX(Sheet1!$AD:$AD,INT((ROWS($A$10:$A70)+1)/2)+1)) | I70: =IF(INDEX(Sheet1!$AK:$AK,INT((ROWS($A$10:$A70)+1)/2)+1)="","",INDEX(Sheet1!$AK:$AK,INT((ROWS($A$10:$A70)+1)/2)+1))
A71: =IF(E71="","",IF(E70="",INDEX(Sheet1!$AC:$AC,INT((ROWS($A$10:$A71)+1)/2)+1)&"","〃")) | B71: =IF(E71="","",IF(E70="",INDEX(Sheet1!$B:$B,INT((ROWS($A$10:$A71)+1)/2)+1)&"","〃")) | C71: =IF(E71="","",IF(E70="",INDEX(Sheet1!$CN:$CN,INT((ROWS($A$10:$A71)+1)/2)+1)&"","〃")) | D71: =IF(E71="","",IF(E70="",IF(INDEX(Sheet1!$N:$N,INT((ROWS($A$10:$A71)+1)/2)+1)="","",INDEX(Sheet1!$N:$N,INT((ROWS($A$10:$A71)+1)/2)+1)),"〃")) | E71: =IF(INDEX(Sheet1!$BA:$BA,INT((ROWS($A$10:$A71)+1)/2)+1)<>"","わな猟","") | F71: =IF(E71="","",INDEX(Sheet1!$BC:$BC,INT((ROWS($A$10:$A71)+1)/2)+1)&"") | G71: =IF(E71="","",IF(INDEX(Sheet1!$BM:$BM,INT((ROWS($A$10:$A71)+1)/2)+1)="","",INDEX(Sheet1!$BM:$BM,INT((ROWS($A$10:$A71)+1)/2)+1)))
A72: =IF(AND(INDEX(Sheet1!$AM:$AM,INT((ROWS($A$10:$A72)+1)/2)+1)="",INDEX(Sheet1!$BA:$BA,INT((ROWS($A$10:$A72)+1)/2)+1)<>""),"",INDEX(Sheet1!$AC:$AC,INT((ROWS($A$10:$A72)+1)/2)+1)&"") | B72: =IF(AND(INDEX(Sheet1!$AM:$AM,INT((ROWS($A$10:$A72)+1)/2)+1)="",INDEX(Sheet1!$BA:$BA,INT((ROWS($A$10:$A72)+1)/2)+1)<>""),"",INDEX(Sheet1!$B:$B,INT((ROWS($A$10:$A72)+1)/2)+1)&"") | C72: =IF(AND(INDEX(Sheet1!$AM:$AM,INT((ROWS($A$10:$A72)+1)/2)+1)="",INDEX(Sheet1!$BA:$BA,INT((ROWS($A$10:$A72)+1)/2)+1)<>""),"",INDEX(Sheet1!$CN:$CN,INT((ROWS($A$10:$A72)+1)/2)+1)&"") | D72: =IF(OR(AND(INDEX(Sheet1!$AM:$AM,INT((ROWS($A$10:$A72)+1)/2)+1)="",INDEX(Sheet1!$BA:$BA,INT((ROWS($A$10:$A72)+1)/2)+1)<>""),INDEX(Sheet1!$N:$N,INT((ROWS($A$10:$A72)+1)/2)+1)=""),"",INDEX(Sheet1!$N:$N,INT((ROWS($A$10:$A72)+1)/2)+1)) | E72: =IF(INDEX(Sheet1!$AM:$AM,INT((ROWS($A$10:$A72)+1)/2)+1)<>"","第一種","") | F72: =IF(E72="","",INDEX(Sheet1!$AO:$AO,INT((ROWS($A$10:$A72)+1)/2)+1)&"") | G72: =IF(OR(E72="",INDEX(Sheet1!$AY:$AY,INT((ROWS($A$10:$A72)+1)/2)+1)=""),"",INDEX(Sheet1!$AY:$AY,INT((ROWS($A$10:$A72)+1)/2)+1)) | H72: =IF(INDEX(Sheet1!$AD:$AD,INT((ROWS($A$10:$A72)+1)/2)+1)="","",INDEX(Sheet1!$AD:$AD,INT((ROWS($A$10:$A72)+1)/2)+1)) | I72: =IF(INDEX(Sheet1!$AK:$AK,INT((ROWS($A$10:$A72)+1)/2)+1)="","",INDEX(Sheet1!$AK:$AK,INT((ROWS($A$10:$A72)+1)/2)+1))
A73: =IF(E73="","",IF(E72="",INDEX(Sheet1!$AC:$AC,INT((ROWS($A$10:$A73)+1)/2)+1)&"","〃")) | B73: =IF(E73="","",IF(E72="",INDEX(Sheet1!$B:$B,INT((ROWS($A$10:$A73)+1)/2)+1)&"","〃")) | C73: =IF(E73="","",IF(E72="",INDEX(Sheet1!$CN:$CN,INT((ROWS($A$10:$A73)+1)/2)+1)&"","〃")) | D73: =IF(E73="","",IF(E72="",IF(INDEX(Sheet1!$N:$N,INT((ROWS($A$10:$A73)+1)/2)+1)="","",INDEX(Sheet1!$N:$N,INT((ROWS($A$10:$A73)+1)/2)+1)),"〃")) | E73: =IF(INDEX(Sheet1!$BA:$BA,INT((ROWS($A$10:$A73)+1)/2)+1)<>"","わな猟","") | F73: =IF(E73="","",INDEX(Sheet1!$BC:$BC,INT((ROWS($A$10:$A73)+1)/2)+1)&"") | G73: =IF(E73="","",IF(INDEX(Sheet1!$BM:$BM,INT((ROWS($A$10:$A73)+1)/2)+1)="","",INDEX(Sheet1!$BM:$BM,INT((ROWS($A$10:$A73)+1)/2)+1)))
A74: =IF(AND(INDEX(Sheet1!$AM:$AM,INT((ROWS($A$10:$A74)+1)/2)+1)="",INDEX(Sheet1!$BA:$BA,INT((ROWS($A$10:$A74)+1)/2)+1)<>""),"",INDEX(Sheet1!$AC:$AC,INT((ROWS($A$10:$A74)+1)/2)+1)&"") | B74: =IF(AND(INDEX(Sheet1!$AM:$AM,INT((ROWS($A$10:$A74)+1)/2)+1)="",INDEX(Sheet1!$BA:$BA,INT((ROWS($A$10:$A74)+1)/2)+1)<>""),"",INDEX(Sheet1!$B:$B,INT((ROWS($A$10:$A74)+1)/2)+1)&"") | C74: =IF(AND(INDEX(Sheet1!$AM:$AM,INT((ROWS($A$10:$A74)+1)/2)+1)="",INDEX(Sheet1!$BA:$BA,INT((ROWS($A$10:$A74)+1)/2)+1)<>""),"",INDEX(Sheet1!$CN:$CN,INT((ROWS($A$10:$A74)+1)/2)+1)&"") | D74: =IF(OR(AND(INDEX(Sheet1!$AM:$AM,INT((ROWS($A$10:$A74)+1)/2)+1)="",INDEX(Sheet1!$BA:$BA,INT((ROWS($A$10:$A74)+1)/2)+1)<>""),INDEX(Sheet1!$N:$N,INT((ROWS($A$10:$A74)+1)/2)+1)=""),"",INDEX(Sheet1!$N:$N,INT((ROWS($A$10:$A74)+1)/2)+1)) | E74: =IF(INDEX(Sheet1!$AM:$AM,INT((ROWS($A$10:$A74)+1)/2)+1)<>"","第一種","") | F74: =IF(E74="","",INDEX(Sheet1!$AO:$AO,INT((ROWS($A$10:$A74)+1)/2)+1)&"") | G74: =IF(OR(E74="",INDEX(Sheet1!$AY:$AY,INT((ROWS($A$10:$A74)+1)/2)+1)=""),"",INDEX(Sheet1!$AY:$AY,INT((ROWS($A$10:$A74)+1)/2)+1)) | H74: =IF(INDEX(Sheet1!$AD:$AD,INT((ROWS($A$10:$A74)+1)/2)+1)="","",INDEX(Sheet1!$AD:$AD,INT((ROWS($A$10:$A74)+1)/2)+1)) | I74: =IF(INDEX(Sheet1!$AK:$AK,INT((ROWS($A$10:$A74)+1)/2)+1)="","",INDEX(Sheet1!$AK:$AK,INT((ROWS($A$10:$A74)+1)/2)+1))
A75: =IF(E75="","",IF(E74="",INDEX(Sheet1!$AC:$AC,INT((ROWS($A$10:$A75)+1)/2)+1)&"","〃")) | B75: =IF(E75="","",IF(E74="",INDEX(Sheet1!$B:$B,INT((ROWS($A$10:$A75)+1)/2)+1)&"","〃")) | C75: =IF(E75="","",IF(E74="",INDEX(Sheet1!$CN:$CN,INT((ROWS($A$10:$A75)+1)/2)+1)&"","〃")) | D75: =IF(E75="","",IF(E74="",IF(INDEX(Sheet1!$N:$N,INT((ROWS($A$10:$A75)+1)/2)+1)="","",INDEX(Sheet1!$N:$N,INT((ROWS($A$10:$A75)+1)/2)+1)),"〃")) | E75: =IF(INDEX(Sheet1!$BA:$BA,INT((ROWS($A$10:$A75)+1)/2)+1)<>"","わな猟","") | F75: =IF(E75="","",INDEX(Sheet1!$BC:$BC,INT((ROWS($A$10:$A75)+1)/2)+1)&"") | G75: =IF(E75="","",IF(INDEX(Sheet1!$BM:$BM,INT((ROWS($A$10:$A75)+1)/2)+1)="","",INDEX(Sheet1!$BM:$BM,INT((ROWS($A$10:$A75)+1)/2)+1)))
A76: =IF(AND(INDEX(Sheet1!$AM:$AM,INT((ROWS($A$10:$A76)+1)/2)+1)="",INDEX(Sheet1!$BA:$BA,INT((ROWS($A$10:$A76)+1)/2)+1)<>""),"",INDEX(Sheet1!$AC:$AC,INT((ROWS($A$10:$A76)+1)/2)+1)&"") | B76: =IF(AND(INDEX(Sheet1!$AM:$AM,INT((ROWS($A$10:$A76)+1)/2)+1)="",INDEX(Sheet1!$BA:$BA,INT((ROWS($A$10:$A76)+1)/2)+1)<>""),"",INDEX(Sheet1!$B:$B,INT((ROWS($A$10:$A76)+1)/2)+1)&"") | C76: =IF(AND(INDEX(Sheet1!$AM:$AM,INT((ROWS($A$10:$A76)+1)/2)+1)="",INDEX(Sheet1!$BA:$BA,INT((ROWS($A$10:$A76)+1)/2)+1)<>""),"",INDEX(Sheet1!$CN:$CN,INT((ROWS($A$10:$A76)+1)/2)+1)&"") | D76: =IF(OR(AND(INDEX(Sheet1!$AM:$AM,INT((ROWS($A$10:$A76)+1)/2)+1)="",INDEX(Sheet1!$BA:$BA,INT((ROWS($A$10:$A76)+1)/2)+1)<>""),INDEX(Sheet1!$N:$N,INT((ROWS($A$10:$A76)+1)/2)+1)=""),"",INDEX(Sheet1!$N:$N,INT((ROWS($A$10:$A76)+1)/2)+1)) | E76: =IF(INDEX(Sheet1!$AM:$AM,INT((ROWS($A$10:$A76)+1)/2)+1)<>"","第一種","") | F76: =IF(E76="","",INDEX(Sheet1!$AO:$AO,INT((ROWS($A$10:$A76)+1)/2)+1)&"") | G76: =IF(OR(E76="",INDEX(Sheet1!$AY:$AY,INT((ROWS($A$10:$A76)+1)/2)+1)=""),"",INDEX(Sheet1!$AY:$AY,INT((ROWS($A$10:$A76)+1)/2)+1)) | H76: =IF(INDEX(Sheet1!$AD:$AD,INT((ROWS($A$10:$A76)+1)/2)+1)="","",INDEX(Sheet1!$AD:$AD,INT((ROWS($A$10:$A76)+1)/2)+1)) | I76: =IF(INDEX(Sheet1!$AK:$AK,INT((ROWS($A$10:$A76)+1)/2)+1)="","",INDEX(Sheet1!$AK:$AK,INT((ROWS($A$10:$A76)+1)/2)+1))
A77: =IF(E77="","",IF(E76="",INDEX(Sheet1!$AC:$AC,INT((ROWS($A$10:$A77)+1)/2)+1)&"","〃")) | B77: =IF(E77="","",IF(E76="",INDEX(Sheet1!$B:$B,INT((ROWS($A$10:$A77)+1)/2)+1)&"","〃")) | C77: =IF(E77="","",IF(E76="",INDEX(Sheet1!$CN:$CN,INT((ROWS($A$10:$A77)+1)/2)+1)&"","〃")) | D77: =IF(E77="","",IF(E76="",IF(INDEX(Sheet1!$N:$N,INT((ROWS($A$10:$A77)+1)/2)+1)="","",INDEX(Sheet1!$N:$N,INT((ROWS($A$10:$A77)+1)/2)+1)),"〃")) | E77: =IF(INDEX(Sheet1!$BA:$BA,INT((ROWS($A$10:$A77)+1)/2)+1)<>"","わな猟","") | F77: =IF(E77="","",INDEX(Sheet1!$BC:$BC,INT((ROWS($A$10:$A77)+1)/2)+1)&"") | G77: =IF(E77="","",IF(INDEX(Sheet1!$BM:$BM,INT((ROWS($A$10:$A77)+1)/2)+1)="","",INDEX(Sheet1!$BM:$BM,INT((ROWS($A$10:$A77)+1)/2)+1)))
A78: =IF(AND(INDEX(Sheet1!$AM:$AM,INT((ROWS($A$10:$A78)+1)/2)+1)="",INDEX(Sheet1!$BA:$BA,INT((ROWS($A$10:$A78)+1)/2)+1)<>""),"",INDEX(Sheet1!$AC:$AC,INT((ROWS($A$10:$A78)+1)/2)+1)&"") | B78: =IF(AND(INDEX(Sheet1!$AM:$AM,INT((ROWS($A$10:$A78)+1)/2)+1)="",INDEX(Sheet1!$BA:$BA,INT((ROWS($A$10:$A78)+1)/2)+1)<>""),"",INDEX(Sheet1!$B:$B,INT((ROWS($A$10:$A78)+1)/2)+1)&"") | C78: =IF(AND(INDEX(Sheet1!$AM:$AM,INT((ROWS($A$10:$A78)+1)/2)+1)="",INDEX(Sheet1!$BA:$BA,INT((ROWS($A$10:$A78)+1)/2)+1)<>""),"",INDEX(Sheet1!$CN:$CN,INT((ROWS($A$10:$A78)+1)/2)+1)&"") | D78: =IF(OR(AND(INDEX(Sheet1!$AM:$AM,INT((ROWS($A$10:$A78)+1)/2)+1)="",INDEX(Sheet1!$BA:$BA,INT((ROWS($A$10:$A78)+1)/2)+1)<>""),INDEX(Sheet1!$N:$N,INT((ROWS($A$10:$A78)+1)/2)+1)=""),"",INDEX(Sheet1!$N:$N,INT((ROWS($A$10:$A78)+1)/2)+1)) | E78: =IF(INDEX(Sheet1!$AM:$AM,INT((ROWS($A$10:$A78)+1)/2)+1)<>"","第一種","") | F78: =IF(E78="","",INDEX(Sheet1!$AO:$AO,INT((ROWS($A$10:$A78)+1)/2)+1)&"") | G78: =IF(OR(E78="",INDEX(Sheet1!$AY:$AY,INT((ROWS($A$10:$A78)+1)/2)+1)=""),"",INDEX(Sheet1!$AY:$AY,INT((ROWS($A$10:$A78)+1)/2)+1)) | H78: =IF(INDEX(Sheet1!$AD:$AD,INT((ROWS($A$10:$A78)+1)/2)+1)="","",INDEX(Sheet1!$AD:$AD,INT((ROWS($A$10:$A78)+1)/2)+1)) | I78: =IF(INDEX(Sheet1!$AK:$AK,INT((ROWS($A$10:$A78)+1)/2)+1)="","",INDEX(Sheet1!$AK:$AK,INT((ROWS($A$10:$A78)+1)/2)+1))
A79: =IF(E79="","",IF(E78="",INDEX(Sheet1!$AC:$AC,INT((ROWS($A$10:$A79)+1)/2)+1)&"","〃")) | B79: =IF(E79="","",IF(E78="",INDEX(Sheet1!$B:$B,INT((ROWS($A$10:$A79)+1)/2)+1)&"","〃")) | C79: =IF(E79="","",IF(E78="",INDEX(Sheet1!$CN:$CN,INT((ROWS($A$10:$A79)+1)/2)+1)&"","〃")) | D79: =IF(E79="","",IF(E78="",IF(INDEX(Sheet1!$N:$N,INT((ROWS($A$10:$A79)+1)/2)+1)="","",INDEX(Sheet1!$N:$N,INT((ROWS($A$10:$A79)+1)/2)+1)),"〃")) | E79: =IF(INDEX(Sheet1!$BA:$BA,INT((ROWS($A$10:$A79)+1)/2)+1)<>"","わな猟","") | F79: =IF(E79="","",INDEX(Sheet1!$BC:$BC,INT((ROWS($A$10:$A79)+1)/2)+1)&"") | G79: =IF(E79="","",IF(INDEX(Sheet1!$BM:$BM,INT((ROWS($A$10:$A79)+1)/2)+1)="","",INDEX(Sheet1!$BM:$BM,INT((ROWS($A$10:$A79)+1)/2)+1)))
A80: =IF(AND(INDEX(Sheet1!$AM:$AM,INT((ROWS($A$10:$A80)+1)/2)+1)="",INDEX(Sheet1!$BA:$BA,INT((ROWS($A$10:$A80)+1)/2)+1)<>""),"",INDEX(Sheet1!$AC:$AC,INT((ROWS($A$10:$A80)+1)/2)+1)&"") | B80: =IF(AND(INDEX(Sheet1!$AM:$AM,INT((ROWS($A$10:$A80)+1)/2)+1)="",INDEX(Sheet1!$BA:$BA,INT((ROWS($A$10:$A80)+1)/2)+1)<>""),"",INDEX(Sheet1!$B:$B,INT((ROWS($A$10:$A80)+1)/2)+1)&"") | C80: =IF(AND(INDEX(Sheet1!$AM:$AM,INT((ROWS($A$10:$A80)+1)/2)+1)="",INDEX(Sheet1!$BA:$BA,INT((ROWS($A$10:$A80)+1)/2)+1)<>""),"",INDEX(Sheet1!$CN:$CN,INT((ROWS($A$10:$A80)+1)/2)+1)&"") | D80: =IF(OR(AND(INDEX(Sheet1!$AM:$AM,INT((ROWS($A$10:$A80)+1)/2)+1)="",INDEX(Sheet1!$BA:$BA,INT((ROWS($A$10:$A80)+1)/2)+1)<>""),INDEX(Sheet1!$N:$N,INT((ROWS($A$10:$A80)+1)/2)+1)=""),"",INDEX(Sheet1!$N:$N,INT((ROWS($A$10:$A80)+1)/2)+1)) | E80: =IF(INDEX(Sheet1!$AM:$AM,INT((ROWS($A$10:$A80)+1)/2)+1)<>"","第一種","") | F80: =IF(E80="","",INDEX(Sheet1!$AO:$AO,INT((ROWS($A$10:$A80)+1)/2)+1)&"") | G80: =IF(OR(E80="",INDEX(Sheet1!$AY:$AY,INT((ROWS($A$10:$A80)+1)/2)+1)=""),"",INDEX(Sheet1!$AY:$AY,INT((ROWS($A$10:$A80)+1)/2)+1)) | H80: =IF(INDEX(Sheet1!$AD:$AD,INT((ROWS($A$10:$A80)+1)/2)+1)="","",INDEX(Sheet1!$AD:$AD,INT((ROWS($A$10:$A80)+1)/2)+1)) | I80: =IF(INDEX(Sheet1!$AK:$AK,INT((ROWS($A$10:$A80)+1)/2)+1)="","",INDEX(Sheet1!$AK:$AK,INT((ROWS($A$10:$A80)+1)/2)+1))
A81: =IF(E81="","",IF(E80="",INDEX(Sheet1!$AC:$AC,INT((ROWS($A$10:$A81)+1)/2)+1)&"","〃")) | B81: =IF(E81="","",IF(E80="",INDEX(Sheet1!$B:$B,INT((ROWS($A$10:$A81)+1)/2)+1)&"","〃")) | C81: =IF(E81="","",IF(E80="",INDEX(Sheet1!$CN:$CN,INT((ROWS($A$10:$A81)+1)/2)+1)&"","〃")) | D81: =IF(E81="","",IF(E80="",IF(INDEX(Sheet1!$N:$N,INT((ROWS($A$10:$A81)+1)/2)+1)="","",INDEX(Sheet1!$N:$N,INT((ROWS($A$10:$A81)+1)/2)+1)),"〃")) | E81: =IF(INDEX(Sheet1!$BA:$BA,INT((ROWS($A$10:$A81)+1)/2)+1)<>"","わな猟","") | F81: =IF(E81="","",INDEX(Sheet1!$BC:$BC,INT((ROWS($A$10:$A81)+1)/2)+1)&"") | G81: =IF(E81="","",IF(INDEX(Sheet1!$BM:$BM,INT((ROWS($A$10:$A81)+1)/2)+1)="","",INDEX(Sheet1!$BM:$BM,INT((ROWS($A$10:$A81)+1)/2)+1)))
A82: =IF(AND(INDEX(Sheet1!$AM:$AM,INT((ROWS($A$10:$A82)+1)/2)+1)="",INDEX(Sheet1!$BA:$BA,INT((ROWS($A$10:$A82)+1)/2)+1)<>""),"",INDEX(Sheet1!$AC:$AC,INT((ROWS($A$10:$A82)+1)/2)+1)&"") | B82: =IF(AND(INDEX(Sheet1!$AM:$AM,INT((ROWS($A$10:$A82)+1)/2)+1)="",INDEX(Sheet1!$BA:$BA,INT((ROWS($A$10:$A82)+1)/2)+1)<>""),"",INDEX(Sheet1!$B:$B,INT((ROWS($A$10:$A82)+1)/2)+1)&"") | C82: =IF(AND(INDEX(Sheet1!$AM:$AM,INT((ROWS($A$10:$A82)+1)/2)+1)="",INDEX(Sheet1!$BA:$BA,INT((ROWS($A$10:$A82)+1)/2)+1)<>""),"",INDEX(Sheet1!$CN:$CN,INT((ROWS($A$10:$A82)+1)/2)+1)&"") | D82: =IF(OR(AND(INDEX(Sheet1!$AM:$AM,INT((ROWS($A$10:$A82)+1)/2)+1)="",INDEX(Sheet1!$BA:$BA,INT((ROWS($A$10:$A82)+1)/2)+1)<>""),INDEX(Sheet1!$N:$N,INT((ROWS($A$10:$A82)+1)/2)+1)=""),"",INDEX(Sheet1!$N:$N,INT((ROWS($A$10:$A82)+1)/2)+1)) | E82: =IF(INDEX(Sheet1!$AM:$AM,INT((ROWS($A$10:$A82)+1)/2)+1)<>"","第一種","") | F82: =IF(E82="","",INDEX(Sheet1!$AO:$AO,INT((ROWS($A$10:$A82)+1)/2)+1)&"") | G82: =IF(OR(E82="",INDEX(Sheet1!$AY:$AY,INT((ROWS($A$10:$A82)+1)/2)+1)=""),"",INDEX(Sheet1!$AY:$AY,INT((ROWS($A$10:$A82)+1)/2)+1)) | H82: =IF(INDEX(Sheet1!$AD:$AD,INT((ROWS($A$10:$A82)+1)/2)+1)="","",INDEX(Sheet1!$AD:$AD,INT((ROWS($A$10:$A82)+1)/2)+1)) | I82: =IF(INDEX(Sheet1!$AK:$AK,INT((ROWS($A$10:$A82)+1)/2)+1)="","",INDEX(Sheet1!$AK:$AK,INT((ROWS($A$10:$A82)+1)/2)+1))
A83: =IF(E83="","",IF(E82="",INDEX(Sheet1!$AC:$AC,INT((ROWS($A$10:$A83)+1)/2)+1)&"","〃")) | B83: =IF(E83="","",IF(E82="",INDEX(Sheet1!$B:$B,INT((ROWS($A$10:$A83)+1)/2)+1)&"","〃")) | C83: =IF(E83="","",IF(E82="",INDEX(Sheet1!$CN:$CN,INT((ROWS($A$10:$A83)+1)/2)+1)&"","〃")) | D83: =IF(E83="","",IF(E82="",IF(INDEX(Sheet1!$N:$N,INT((ROWS($A$10:$A83)+1)/2)+1)="","",INDEX(Sheet1!$N:$N,INT((ROWS($A$10:$A83)+1)/2)+1)),"〃")) | E83: =IF(INDEX(Sheet1!$BA:$BA,INT((ROWS($A$10:$A83)+1)/2)+1)<>"","わな猟","") | F83: =IF(E83="","",INDEX(Sheet1!$BC:$BC,INT((ROWS($A$10:$A83)+1)/2)+1)&"") | G83: =IF(E83="","",IF(INDEX(Sheet1!$BM:$BM,INT((ROWS($A$10:$A83)+1)/2)+1)="","",INDEX(Sheet1!$BM:$BM,INT((ROWS($A$10:$A83)+1)/2)+1)))
A84: =IF(AND(INDEX(Sheet1!$AM:$AM,INT((ROWS($A$10:$A84)+1)/2)+1)="",INDEX(Sheet1!$BA:$BA,INT((ROWS($A$10:$A84)+1)/2)+1)<>""),"",INDEX(Sheet1!$AC:$AC,INT((ROWS($A$10:$A84)+1)/2)+1)&"") | B84: =IF(AND(INDEX(Sheet1!$AM:$AM,INT((ROWS($A$10:$A84)+1)/2)+1)="",INDEX(Sheet1!$BA:$BA,INT((ROWS($A$10:$A84)+1)/2)+1)<>""),"",INDEX(Sheet1!$B:$B,INT((ROWS($A$10:$A84)+1)/2)+1)&"") | C84: =IF(AND(INDEX(Sheet1!$AM:$AM,INT((ROWS($A$10:$A84)+1)/2)+1)="",INDEX(Sheet1!$BA:$BA,INT((ROWS($A$10:$A84)+1)/2)+1)<>""),"",INDEX(Sheet1!$CN:$CN,INT((ROWS($A$10:$A84)+1)/2)+1)&"") | D84: =IF(OR(AND(INDEX(Sheet1!$AM:$AM,INT((ROWS($A$10:$A84)+1)/2)+1)="",INDEX(Sheet1!$BA:$BA,INT((ROWS($A$10:$A84)+1)/2)+1)<>""),INDEX(Sheet1!$N:$N,INT((ROWS($A$10:$A84)+1)/2)+1)=""),"",INDEX(Sheet1!$N:$N,INT((ROWS($A$10:$A84)+1)/2)+1)) | E84: =IF(INDEX(Sheet1!$AM:$AM,INT((ROWS($A$10:$A84)+1)/2)+1)<>"","第一種","") | F84: =IF(E84="","",INDEX(Sheet1!$AO:$AO,INT((ROWS($A$10:$A84)+1)/2)+1)&"") | G84: =IF(OR(E84="",INDEX(Sheet1!$AY:$AY,INT((ROWS($A$10:$A84)+1)/2)+1)=""),"",INDEX(Sheet1!$AY:$AY,INT((ROWS($A$10:$A84)+1)/2)+1)) | H84: =IF(INDEX(Sheet1!$AD:$AD,INT((ROWS($A$10:$A84)+1)/2)+1)="","",INDEX(Sheet1!$AD:$AD,INT((ROWS($A$10:$A84)+1)/2)+1)) | I84: =IF(INDEX(Sheet1!$AK:$AK,INT((ROWS($A$10:$A84)+1)/2)+1)="","",INDEX(Sheet1!$AK:$AK,INT((ROWS($A$10:$A84)+1)/2)+1))
A85: =IF(E85="","",IF(E84="",INDEX(Sheet1!$AC:$AC,INT((ROWS($A$10:$A85)+1)/2)+1)&"","〃")) | B85: =IF(E85="","",IF(E84="",INDEX(Sheet1!$B:$B,INT((ROWS($A$10:$A85)+1)/2)+1)&"","〃")) | C85: =IF(E85="","",IF(E84="",INDEX(Sheet1!$CN:$CN,INT((ROWS($A$10:$A85)+1)/2)+1)&"","〃")) | D85: =IF(E85="","",IF(E84="",IF(INDEX(Sheet1!$N:$N,INT((ROWS($A$10:$A85)+1)/2)+1)="","",INDEX(Sheet1!$N:$N,INT((ROWS($A$10:$A85)+1)/2)+1)),"〃")) | E85: =IF(INDEX(Sheet1!$BA:$BA,INT((ROWS($A$10:$A85)+1)/2)+1)<>"","わな猟","") | F85: =IF(E85="","",INDEX(Sheet1!$BC:$BC,INT((ROWS($A$10:$A85)+1)/2)+1)&"") | G85: =IF(E85="","",IF(INDEX(Sheet1!$BM:$BM,INT((ROWS($A$10:$A85)+1)/2)+1)="","",INDEX(Sheet1!$BM:$BM,INT((ROWS($A$10:$A85)+1)/2)+1)))
A86: =IF(AND(INDEX(Sheet1!$AM:$AM,INT((ROWS($A$10:$A86)+1)/2)+1)="",INDEX(Sheet1!$BA:$BA,INT((ROWS($A$10:$A86)+1)/2)+1)<>""),"",INDEX(Sheet1!$AC:$AC,INT((ROWS($A$10:$A86)+1)/2)+1)&"") | B86: =IF(AND(INDEX(Sheet1!$AM:$AM,INT((ROWS($A$10:$A86)+1)/2)+1)="",INDEX(Sheet1!$BA:$BA,INT((ROWS($A$10:$A86)+1)/2)+1)<>""),"",INDEX(Sheet1!$B:$B,INT((ROWS($A$10:$A86)+1)/2)+1)&"") | C86: =IF(AND(INDEX(Sheet1!$AM:$AM,INT((ROWS($A$10:$A86)+1)/2)+1)="",INDEX(Sheet1!$BA:$BA,INT((ROWS($A$10:$A86)+1)/2)+1)<>""),"",INDEX(Sheet1!$CN:$CN,INT((ROWS($A$10:$A86)+1)/2)+1)&"") | D86: =IF(OR(AND(INDEX(Sheet1!$AM:$AM,INT((ROWS($A$10:$A86)+1)/2)+1)="",INDEX(Sheet1!$BA:$BA,INT((ROWS($A$10:$A86)+1)/2)+1)<>""),INDEX(Sheet1!$N:$N,INT((ROWS($A$10:$A86)+1)/2)+1)=""),"",INDEX(Sheet1!$N:$N,INT((ROWS($A$10:$A86)+1)/2)+1)) | E86: =IF(INDEX(Sheet1!$AM:$AM,INT((ROWS($A$10:$A86)+1)/2)+1)<>"","第一種","") | F86: =IF(E86="","",INDEX(Sheet1!$AO:$AO,INT((ROWS($A$10:$A86)+1)/2)+1)&"") | G86: =IF(OR(E86="",INDEX(Sheet1!$AY:$AY,INT((ROWS($A$10:$A86)+1)/2)+1)=""),"",INDEX(Sheet1!$AY:$AY,INT((ROWS($A$10:$A86)+1)/2)+1)) | H86: =IF(INDEX(Sheet1!$AD:$AD,INT((ROWS($A$10:$A86)+1)/2)+1)="","",INDEX(Sheet1!$AD:$AD,INT((ROWS($A$10:$A86)+1)/2)+1)) | I86: =IF(INDEX(Sheet1!$AK:$AK,INT((ROWS($A$10:$A86)+1)/2)+1)="","",INDEX(Sheet1!$AK:$AK,INT((ROWS($A$10:$A86)+1)/2)+1))
A87: =IF(E87="","",IF(E86="",INDEX(Sheet1!$AC:$AC,INT((ROWS($A$10:$A87)+1)/2)+1)&"","〃")) | B87: =IF(E87="","",IF(E86="",INDEX(Sheet1!$B:$B,INT((ROWS($A$10:$A87)+1)/2)+1)&"","〃")) | C87: =IF(E87="","",IF(E86="",INDEX(Sheet1!$CN:$CN,INT((ROWS($A$10:$A87)+1)/2)+1)&"","〃")) | D87: =IF(E87="","",IF(E86="",IF(INDEX(Sheet1!$N:$N,INT((ROWS($A$10:$A87)+1)/2)+1)="","",INDEX(Sheet1!$N:$N,INT((ROWS($A$10:$A87)+1)/2)+1)),"〃")) | E87: =IF(INDEX(Sheet1!$BA:$BA,INT((ROWS($A$10:$A87)+1)/2)+1)<>"","わな猟","") | F87: =IF(E87="","",INDEX(Sheet1!$BC:$BC,INT((ROWS($A$10:$A87)+1)/2)+1)&"") | G87: =IF(E87="","",IF(INDEX(Sheet1!$BM:$BM,INT((ROWS($A$10:$A87)+1)/2)+1)="","",INDEX(Sheet1!$BM:$BM,INT((ROWS($A$10:$A87)+1)/2)+1)))
A88: =IF(AND(INDEX(Sheet1!$AM:$AM,INT((ROWS($A$10:$A88)+1)/2)+1)="",INDEX(Sheet1!$BA:$BA,INT((ROWS($A$10:$A88)+1)/2)+1)<>""),"",INDEX(Sheet1!$AC:$AC,INT((ROWS($A$10:$A88)+1)/2)+1)&"") | B88: =IF(AND(INDEX(Sheet1!$AM:$AM,INT((ROWS($A$10:$A88)+1)/2)+1)="",INDEX(Sheet1!$BA:$BA,INT((ROWS($A$10:$A88)+1)/2)+1)<>""),"",INDEX(Sheet1!$B:$B,INT((ROWS($A$10:$A88)+1)/2)+1)&"") | C88: =IF(AND(INDEX(Sheet1!$AM:$AM,INT((ROWS($A$10:$A88)+1)/2)+1)="",INDEX(Sheet1!$BA:$BA,INT((ROWS($A$10:$A88)+1)/2)+1)<>""),"",INDEX(Sheet1!$CN:$CN,INT((ROWS($A$10:$A88)+1)/2)+1)&"") | D88: =IF(OR(AND(INDEX(Sheet1!$AM:$AM,INT((ROWS($A$10:$A88)+1)/2)+1)="",INDEX(Sheet1!$BA:$BA,INT((ROWS($A$10:$A88)+1)/2)+1)<>""),INDEX(Sheet1!$N:$N,INT((ROWS($A$10:$A88)+1)/2)+1)=""),"",INDEX(Sheet1!$N:$N,INT((ROWS($A$10:$A88)+1)/2)+1)) | E88: =IF(INDEX(Sheet1!$AM:$AM,INT((ROWS($A$10:$A88)+1)/2)+1)<>"","第一種","") | F88: =IF(E88="","",INDEX(Sheet1!$AO:$AO,INT((ROWS($A$10:$A88)+1)/2)+1)&"") | G88: =IF(OR(E88="",INDEX(Sheet1!$AY:$AY,INT((ROWS($A$10:$A88)+1)/2)+1)=""),"",INDEX(Sheet1!$AY:$AY,INT((ROWS($A$10:$A88)+1)/2)+1)) | H88: =IF(INDEX(Sheet1!$AD:$AD,INT((ROWS($A$10:$A88)+1)/2)+1)="","",INDEX(Sheet1!$AD:$AD,INT((ROWS($A$10:$A88)+1)/2)+1)) | I88: =IF(INDEX(Sheet1!$AK:$AK,INT((ROWS($A$10:$A88)+1)/2)+1)="","",INDEX(Sheet1!$AK:$AK,INT((ROWS($A$10:$A88)+1)/2)+1))
A89: =IF(E89="","",IF(E88="",INDEX(Sheet1!$AC:$AC,INT((ROWS($A$10:$A89)+1)/2)+1)&"","〃")) | B89: =IF(E89="","",IF(E88="",INDEX(Sheet1!$B:$B,INT((ROWS($A$10:$A89)+1)/2)+1)&"","〃")) | C89: =IF(E89="","",IF(E88="",INDEX(Sheet1!$CN:$CN,INT((ROWS($A$10:$A89)+1)/2)+1)&"","〃")) | D89: =IF(E89="","",IF(E88="",IF(INDEX(Sheet1!$N:$N,INT((ROWS($A$10:$A89)+1)/2)+1)="","",INDEX(Sheet1!$N:$N,INT((ROWS($A$10:$A89)+1)/2)+1)),"〃")) | E89: =IF(INDEX(Sheet1!$BA:$BA,INT((ROWS($A$10:$A89)+1)/2)+1)<>"","わな猟","") | F89: =IF(E89="","",INDEX(Sheet1!$BC:$BC,INT((ROWS($A$10:$A89)+1)/2)+1)&"") | G89: =IF(E89="","",IF(INDEX(Sheet1!$BM:$BM,INT((ROWS($A$10:$A89)+1)/2)+1)="","",INDEX(Sheet1!$BM:$BM,INT((ROWS($A$10:$A89)+1)/2)+1)))
A90: =IF(AND(INDEX(Sheet1!$AM:$AM,INT((ROWS($A$10:$A90)+1)/2)+1)="",INDEX(Sheet1!$BA:$BA,INT((ROWS($A$10:$A90)+1)/2)+1)<>""),"",INDEX(Sheet1!$AC:$AC,INT((ROWS($A$10:$A90)+1)/2)+1)&"") | B90: =IF(AND(INDEX(Sheet1!$AM:$AM,INT((ROWS($A$10:$A90)+1)/2)+1)="",INDEX(Sheet1!$BA:$BA,INT((ROWS($A$10:$A90)+1)/2)+1)<>""),"",INDEX(Sheet1!$B:$B,INT((ROWS($A$10:$A90)+1)/2)+1)&"") | C90: =IF(AND(INDEX(Sheet1!$AM:$AM,INT((ROWS($A$10:$A90)+1)/2)+1)="",INDEX(Sheet1!$BA:$BA,INT((ROWS($A$10:$A90)+1)/2)+1)<>""),"",INDEX(Sheet1!$CN:$CN,INT((ROWS($A$10:$A90)+1)/2)+1)&"") | D90: =IF(OR(AND(INDEX(Sheet1!$AM:$AM,INT((ROWS($A$10:$A90)+1)/2)+1)="",INDEX(Sheet1!$BA:$BA,INT((ROWS($A$10:$A90)+1)/2)+1)<>""),INDEX(Sheet1!$N:$N,INT((ROWS($A$10:$A90)+1)/2)+1)=""),"",INDEX(Sheet1!$N:$N,INT((ROWS($A$10:$A90)+1)/2)+1)) | E90: =IF(INDEX(Sheet1!$AM:$AM,INT((ROWS($A$10:$A90)+1)/2)+1)<>"","第一種","") | F90: =IF(E90="","",INDEX(Sheet1!$AO:$AO,INT((ROWS($A$10:$A90)+1)/2)+1)&"") | G90: =IF(OR(E90="",INDEX(Sheet1!$AY:$AY,INT((ROWS($A$10:$A90)+1)/2)+1)=""),"",INDEX(Sheet1!$AY:$AY,INT((ROWS($A$10:$A90)+1)/2)+1)) | H90: =IF(INDEX(Sheet1!$AD:$AD,INT((ROWS($A$10:$A90)+1)/2)+1)="","",INDEX(Sheet1!$AD:$AD,INT((ROWS($A$10:$A90)+1)/2)+1)) | I90: =IF(INDEX(Sheet1!$AK:$AK,INT((ROWS($A$10:$A90)+1)/2)+1)="","",INDEX(Sheet1!$AK:$AK,INT((ROWS($A$10:$A90)+1)/2)+1))
A91: =IF(E91="","",IF(E90="",INDEX(Sheet1!$AC:$AC,INT((ROWS($A$10:$A91)+1)/2)+1)&"","〃")) | B91: =IF(E91="","",IF(E90="",INDEX(Sheet1!$B:$B,INT((ROWS($A$10:$A91)+1)/2)+1)&"","〃")) | C91: =IF(E91="","",IF(E90="",INDEX(Sheet1!$CN:$CN,INT((ROWS($A$10:$A91)+1)/2)+1)&"","〃")) | D91: =IF(E91="","",IF(E90="",IF(INDEX(Sheet1!$N:$N,INT((ROWS($A$10:$A91)+1)/2)+1)="","",INDEX(Sheet1!$N:$N,INT((ROWS($A$10:$A91)+1)/2)+1)),"〃")) | E91: =IF(INDEX(Sheet1!$BA:$BA,INT((ROWS($A$10:$A91)+1)/2)+1)<>"","わな猟","") | F91: =IF(E91="","",INDEX(Sheet1!$BC:$BC,INT((ROWS($A$10:$A91)+1)/2)+1)&"") | G91: =IF(E91="","",IF(INDEX(Sheet1!$BM:$BM,INT((ROWS($A$10:$A91)+1)/2)+1)="","",INDEX(Sheet1!$BM:$BM,INT((ROWS($A$10:$A91)+1)/2)+1)))
A92: =IF(AND(INDEX(Sheet1!$AM:$AM,INT((ROWS($A$10:$A92)+1)/2)+1)="",INDEX(Sheet1!$BA:$BA,INT((ROWS($A$10:$A92)+1)/2)+1)<>""),"",INDEX(Sheet1!$AC:$AC,INT((ROWS($A$10:$A92)+1)/2)+1)&"") | B92: =IF(AND(INDEX(Sheet1!$AM:$AM,INT((ROWS($A$10:$A92)+1)/2)+1)="",INDEX(Sheet1!$BA:$BA,INT((ROWS($A$10:$A92)+1)/2)+1)<>""),"",INDEX(Sheet1!$B:$B,INT((ROWS($A$10:$A92)+1)/2)+1)&"") | C92: =IF(AND(INDEX(Sheet1!$AM:$AM,INT((ROWS($A$10:$A92)+1)/2)+1)="",INDEX(Sheet1!$BA:$BA,INT((ROWS($A$10:$A92)+1)/2)+1)<>""),"",INDEX(Sheet1!$CN:$CN,INT((ROWS($A$10:$A92)+1)/2)+1)&"") | D92: =IF(OR(AND(INDEX(Sheet1!$AM:$AM,INT((ROWS($A$10:$A92)+1)/2)+1)="",INDEX(Sheet1!$BA:$BA,INT((ROWS($A$10:$A92)+1)/2)+1)<>""),INDEX(Sheet1!$N:$N,INT((ROWS($A$10:$A92)+1)/2)+1)=""),"",INDEX(Sheet1!$N:$N,INT((ROWS($A$10:$A92)+1)/2)+1)) | E92: =IF(INDEX(Sheet1!$AM:$AM,INT((ROWS($A$10:$A92)+1)/2)+1)<>"","第一種","") | F92: =IF(E92="","",INDEX(Sheet1!$AO:$AO,INT((ROWS($A$10:$A92)+1)/2)+1)&"") | G92: =IF(OR(E92="",INDEX(Sheet1!$AY:$AY,INT((ROWS($A$10:$A92)+1)/2)+1)=""),"",INDEX(Sheet1!$AY:$AY,INT((ROWS($A$10:$A92)+1)/2)+1)) | H92: =IF(INDEX(Sheet1!$AD:$AD,INT((ROWS($A$10:$A92)+1)/2)+1)="","",INDEX(Sheet1!$AD:$AD,INT((ROWS($A$10:$A92)+1)/2)+1)) | I92: =IF(INDEX(Sheet1!$AK:$AK,INT((ROWS($A$10:$A92)+1)/2)+1)="","",INDEX(Sheet1!$AK:$AK,INT((ROWS($A$10:$A92)+1)/2)+1))
A93: =IF(E93="","",IF(E92="",INDEX(Sheet1!$AC:$AC,INT((ROWS($A$10:$A93)+1)/2)+1)&"","〃")) | B93: =IF(E93="","",IF(E92="",INDEX(Sheet1!$B:$B,INT((ROWS($A$10:$A93)+1)/2)+1)&"","〃")) | C93: =IF(E93="","",IF(E92="",INDEX(Sheet1!$CN:$CN,INT((ROWS($A$10:$A93)+1)/2)+1)&"","〃")) | D93: =IF(E93="","",IF(E92="",IF(INDEX(Sheet1!$N:$N,INT((ROWS($A$10:$A93)+1)/2)+1)="","",INDEX(Sheet1!$N:$N,INT((ROWS($A$10:$A93)+1)/2)+1)),"〃")) | E93: =IF(INDEX(Sheet1!$BA:$BA,INT((ROWS($A$10:$A93)+1)/2)+1)<>"","わな猟","") | F93: =IF(E93="","",INDEX(Sheet1!$BC:$BC,INT((ROWS($A$10:$A93)+1)/2)+1)&"") | G93: =IF(E93="","",IF(INDEX(Sheet1!$BM:$BM,INT((ROWS($A$10:$A93)+1)/2)+1)="","",INDEX(Sheet1!$BM:$BM,INT((ROWS($A$10:$A93)+1)/2)+1)))
A94: =IF(AND(INDEX(Sheet1!$AM:$AM,INT((ROWS($A$10:$A94)+1)/2)+1)="",INDEX(Sheet1!$BA:$BA,INT((ROWS($A$10:$A94)+1)/2)+1)<>""),"",INDEX(Sheet1!$AC:$AC,INT((ROWS($A$10:$A94)+1)/2)+1)&"") | B94: =IF(AND(INDEX(Sheet1!$AM:$AM,INT((ROWS($A$10:$A94)+1)/2)+1)="",INDEX(Sheet1!$BA:$BA,INT((ROWS($A$10:$A94)+1)/2)+1)<>""),"",INDEX(Sheet1!$B:$B,INT((ROWS($A$10:$A94)+1)/2)+1)&"") | C94: =IF(AND(INDEX(Sheet1!$AM:$AM,INT((ROWS($A$10:$A94)+1)/2)+1)="",INDEX(Sheet1!$BA:$BA,INT((ROWS($A$10:$A94)+1)/2)+1)<>""),"",INDEX(Sheet1!$CN:$CN,INT((ROWS($A$10:$A94)+1)/2)+1)&"") | D94: =IF(OR(AND(INDEX(Sheet1!$AM:$AM,INT((ROWS($A$10:$A94)+1)/2)+1)="",INDEX(Sheet1!$BA:$BA,INT((ROWS($A$10:$A94)+1)/2)+1)<>""),INDEX(Sheet1!$N:$N,INT((ROWS($A$10:$A94)+1)/2)+1)=""),"",INDEX(Sheet1!$N:$N,INT((ROWS($A$10:$A94)+1)/2)+1)) | E94: =IF(INDEX(Sheet1!$AM:$AM,INT((ROWS($A$10:$A94)+1)/2)+1)<>"","第一種","") | F94: =IF(E94="","",INDEX(Sheet1!$AO:$AO,INT((ROWS($A$10:$A94)+1)/2)+1)&"") | G94: =IF(OR(E94="",INDEX(Sheet1!$AY:$AY,INT((ROWS($A$10:$A94)+1)/2)+1)=""),"",INDEX(Sheet1!$AY:$AY,INT((ROWS($A$10:$A94)+1)/2)+1)) | H94: =IF(INDEX(Sheet1!$AD:$AD,INT((ROWS($A$10:$A94)+1)/2)+1)="","",INDEX(Sheet1!$AD:$AD,INT((ROWS($A$10:$A94)+1)/2)+1)) | I94: =IF(INDEX(Sheet1!$AK:$AK,INT((ROWS($A$10:$A94)+1)/2)+1)="","",INDEX(Sheet1!$AK:$AK,INT((ROWS($A$10:$A94)+1)/2)+1))
A95: =IF(E95="","",IF(E94="",INDEX(Sheet1!$AC:$AC,INT((ROWS($A$10:$A95)+1)/2)+1)&"","〃")) | B95: =IF(E95="","",IF(E94="",INDEX(Sheet1!$B:$B,INT((ROWS($A$10:$A95)+1)/2)+1)&"","〃")) | C95: =IF(E95="","",IF(E94="",INDEX(Sheet1!$CN:$CN,INT((ROWS($A$10:$A95)+1)/2)+1)&"","〃")) | D95: =IF(E95="","",IF(E94="",IF(INDEX(Sheet1!$N:$N,INT((ROWS($A$10:$A95)+1)/2)+1)="","",INDEX(Sheet1!$N:$N,INT((ROWS($A$10:$A95)+1)/2)+1)),"〃")) | E95: =IF(INDEX(Sheet1!$BA:$BA,INT((ROWS($A$10:$A95)+1)/2)+1)<>"","わな猟","") | F95: =IF(E95="","",INDEX(Sheet1!$BC:$BC,INT((ROWS($A$10:$A95)+1)/2)+1)&"") | G95: =IF(E95="","",IF(INDEX(Sheet1!$BM:$BM,INT((ROWS($A$10:$A95)+1)/2)+1)="","",INDEX(Sheet1!$BM:$BM,INT((ROWS($A$10:$A95)+1)/2)+1)))
A96: =IF(AND(INDEX(Sheet1!$AM:$AM,INT((ROWS($A$10:$A96)+1)/2)+1)="",INDEX(Sheet1!$BA:$BA,INT((ROWS($A$10:$A96)+1)/2)+1)<>""),"",INDEX(Sheet1!$AC:$AC,INT((ROWS($A$10:$A96)+1)/2)+1)&"") | B96: =IF(AND(INDEX(Sheet1!$AM:$AM,INT((ROWS($A$10:$A96)+1)/2)+1)="",INDEX(Sheet1!$BA:$BA,INT((ROWS($A$10:$A96)+1)/2)+1)<>""),"",INDEX(Sheet1!$B:$B,INT((ROWS($A$10:$A96)+1)/2)+1)&"") | C96: =IF(AND(INDEX(Sheet1!$AM:$AM,INT((ROWS($A$10:$A96)+1)/2)+1)="",INDEX(Sheet1!$BA:$BA,INT((ROWS($A$10:$A96)+1)/2)+1)<>""),"",INDEX(Sheet1!$CN:$CN,INT((ROWS($A$10:$A96)+1)/2)+1)&"") | D96: =IF(OR(AND(INDEX(Sheet1!$AM:$AM,INT((ROWS($A$10:$A96)+1)/2)+1)="",INDEX(Sheet1!$BA:$BA,INT((ROWS($A$10:$A96)+1)/2)+1)<>""),INDEX(Sheet1!$N:$N,INT((ROWS($A$10:$A96)+1)/2)+1)=""),"",INDEX(Sheet1!$N:$N,INT((ROWS($A$10:$A96)+1)/2)+1)) | E96: =IF(INDEX(Sheet1!$AM:$AM,INT((ROWS($A$10:$A96)+1)/2)+1)<>"","第一種","") | F96: =IF(E96="","",INDEX(Sheet1!$AO:$AO,INT((ROWS($A$10:$A96)+1)/2)+1)&"") | G96: =IF(OR(E96="",INDEX(Sheet1!$AY:$AY,INT((ROWS($A$10:$A96)+1)/2)+1)=""),"",INDEX(Sheet1!$AY:$AY,INT((ROWS($A$10:$A96)+1)/2)+1)) | H96: =IF(INDEX(Sheet1!$AD:$AD,INT((ROWS($A$10:$A96)+1)/2)+1)="","",INDEX(Sheet1!$AD:$AD,INT((ROWS($A$10:$A96)+1)/2)+1)) | I96: =IF(INDEX(Sheet1!$AK:$AK,INT((ROWS($A$10:$A96)+1)/2)+1)="","",INDEX(Sheet1!$AK:$AK,INT((ROWS($A$10:$A96)+1)/2)+1))
A97: =IF(E97="","",IF(E96="",INDEX(Sheet1!$AC:$AC,INT((ROWS($A$10:$A97)+1)/2)+1)&"","〃")) | B97: =IF(E97="","",IF(E96="",INDEX(Sheet1!$B:$B,INT((ROWS($A$10:$A97)+1)/2)+1)&"","〃")) | C97: =IF(E97="","",IF(E96="",INDEX(Sheet1!$CN:$CN,INT((ROWS($A$10:$A97)+1)/2)+1)&"","〃")) | D97: =IF(E97="","",IF(E96="",IF(INDEX(Sheet1!$N:$N,INT((ROWS($A$10:$A97)+1)/2)+1)="","",INDEX(Sheet1!$N:$N,INT((ROWS($A$10:$A97)+1)/2)+1)),"〃")) | E97: =IF(INDEX(Sheet1!$BA:$BA,INT((ROWS($A$10:$A97)+1)/2)+1)<>"","わな猟","") | F97: =IF(E97="","",INDEX(Sheet1!$BC:$BC,INT((ROWS($A$10:$A97)+1)/2)+1)&"") | G97: =IF(E97="","",IF(INDEX(Sheet1!$BM:$BM,INT((ROWS($A$10:$A97)+1)/2)+1)="","",INDEX(Sheet1!$BM:$BM,INT((ROWS($A$10:$A97)+1)/2)+1)))
A98: =IF(AND(INDEX(Sheet1!$AM:$AM,INT((ROWS($A$10:$A98)+1)/2)+1)="",INDEX(Sheet1!$BA:$BA,INT((ROWS($A$10:$A98)+1)/2)+1)<>""),"",INDEX(Sheet1!$AC:$AC,INT((ROWS($A$10:$A98)+1)/2)+1)&"") | B98: =IF(AND(INDEX(Sheet1!$AM:$AM,INT((ROWS($A$10:$A98)+1)/2)+1)="",INDEX(Sheet1!$BA:$BA,INT((ROWS($A$10:$A98)+1)/2)+1)<>""),"",INDEX(Sheet1!$B:$B,INT((ROWS($A$10:$A98)+1)/2)+1)&"") | C98: =IF(AND(INDEX(Sheet1!$AM:$AM,INT((ROWS($A$10:$A98)+1)/2)+1)="",INDEX(Sheet1!$BA:$BA,INT((ROWS($A$10:$A98)+1)/2)+1)<>""),"",INDEX(Sheet1!$CN:$CN,INT((ROWS($A$10:$A98)+1)/2)+1)&"") | D98: =IF(OR(AND(INDEX(Sheet1!$AM:$AM,INT((ROWS($A$10:$A98)+1)/2)+1)="",INDEX(Sheet1!$BA:$BA,INT((ROWS($A$10:$A98)+1)/2)+1)<>""),INDEX(Sheet1!$N:$N,INT((ROWS($A$10:$A98)+1)/2)+1)=""),"",INDEX(Sheet1!$N:$N,INT((ROWS($A$10:$A98)+1)/2)+1)) | E98: =IF(INDEX(Sheet1!$AM:$AM,INT((ROWS($A$10:$A98)+1)/2)+1)<>"","第一種","") | F98: =IF(E98="","",INDEX(Sheet1!$AO:$AO,INT((ROWS($A$10:$A98)+1)/2)+1)&"") | G98: =IF(OR(E98="",INDEX(Sheet1!$AY:$AY,INT((ROWS($A$10:$A98)+1)/2)+1)=""),"",INDEX(Sheet1!$AY:$AY,INT((ROWS($A$10:$A98)+1)/2)+1)) | H98: =IF(INDEX(Sheet1!$AD:$AD,INT((ROWS($A$10:$A98)+1)/2)+1)="","",INDEX(Sheet1!$AD:$AD,INT((ROWS($A$10:$A98)+1)/2)+1)) | I98: =IF(INDEX(Sheet1!$AK:$AK,INT((ROWS($A$10:$A98)+1)/2)+1)="","",INDEX(Sheet1!$AK:$AK,INT((ROWS($A$10:$A98)+1)/2)+1))
A99: =IF(E99="","",IF(E98="",INDEX(Sheet1!$AC:$AC,INT((ROWS($A$10:$A99)+1)/2)+1)&"","〃")) | B99: =IF(E99="","",IF(E98="",INDEX(Sheet1!$B:$B,INT((ROWS($A$10:$A99)+1)/2)+1)&"","〃")) | C99: =IF(E99="","",IF(E98="",INDEX(Sheet1!$CN:$CN,INT((ROWS($A$10:$A99)+1)/2)+1)&"","〃")) | D99: =IF(E99="","",IF(E98="",IF(INDEX(Sheet1!$N:$N,INT((ROWS($A$10:$A99)+1)/2)+1)="","",INDEX(Sheet1!$N:$N,INT((ROWS($A$10:$A99)+1)/2)+1)),"〃")) | E99: =IF(INDEX(Sheet1!$BA:$BA,INT((ROWS($A$10:$A99)+1)/2)+1)<>"","わな猟","") | F99: =IF(E99="","",INDEX(Sheet1!$BC:$BC,INT((ROWS($A$10:$A99)+1)/2)+1)&"") | G99: =IF(E99="","",IF(INDEX(Sheet1!$BM:$BM,INT((ROWS($A$10:$A99)+1)/2)+1)="","",INDEX(Sheet1!$BM:$BM,INT((ROWS($A$10:$A99)+1)/2)+1)))
A100: =IF(AND(INDEX(Sheet1!$AM:$AM,INT((ROWS($A$10:$A100)+1)/2)+1)="",INDEX(Sheet1!$BA:$BA,INT((ROWS($A$10:$A100)+1)/2)+1)<>""),"",INDEX(Sheet1!$AC:$AC,INT((ROWS($A$10:$A100)+1)/2)+1)&"") | B100: =IF(AND(INDEX(Sheet1!$AM:$AM,INT((ROWS($A$10:$A100)+1)/2)+1)="",INDEX(Sheet1!$BA:$BA,INT((ROWS($A$10:$A100)+1)/2)+1)<>""),"",INDEX(Sheet1!$B:$B,INT((ROWS($A$10:$A100)+1)/2)+1)&"") | C100: =IF(AND(INDEX(Sheet1!$AM:$AM,INT((ROWS($A$10:$A100)+1)/2)+1)="",INDEX(Sheet1!$BA:$BA,INT((ROWS($A$10:$A100)+1)/2)+1)<>""),"",INDEX(Sheet1!$CN:$CN,INT((ROWS($A$10:$A100)+1)/2)+1)&"") | D100: =IF(OR(AND(INDEX(Sheet1!$AM:$AM,INT((ROWS($A$10:$A100)+1)/2)+1)="",INDEX(Sheet1!$BA:$BA,INT((ROWS($A$10:$A100)+1)/2)+1)<>""),INDEX(Sheet1!$N:$N,INT((ROWS($A$10:$A100)+1)/2)+1)=""),"",INDEX(Sheet1!$N:$N,INT((ROWS($A$10:$A100)+1)/2)+1)) | E100: =IF(INDEX(Sheet1!$AM:$AM,INT((ROWS($A$10:$A100)+1)/2)+1)<>"","第一種","") | F100: =IF(E100="","",INDEX(Sheet1!$AO:$AO,INT((ROWS($A$10:$A100)+1)/2)+1)&"") | G100: =IF(OR(E100="",INDEX(Sheet1!$AY:$AY,INT((ROWS($A$10:$A100)+1)/2)+1)=""),"",INDEX(Sheet1!$AY:$AY,INT((ROWS($A$10:$A100)+1)/2)+1)) | H100: =IF(INDEX(Sheet1!$AD:$AD,INT((ROWS($A$10:$A100)+1)/2)+1)="","",INDEX(Sheet1!$AD:$AD,INT((ROWS($A$10:$A100)+1)/2)+1)) | I100: =IF(INDEX(Sheet1!$AK:$AK,INT((ROWS($A$10:$A100)+1)/2)+1)="","",INDEX(Sheet1!$AK:$AK,INT((ROWS($A$10:$A100)+1)/2)+1))
A101: =IF(E101="","",IF(E100="",INDEX(Sheet1!$AC:$AC,INT((ROWS($A$10:$A101)+1)/2)+1)&"","〃")) | B101: =IF(E101="","",IF(E100="",INDEX(Sheet1!$B:$B,INT((ROWS($A$10:$A101)+1)/2)+1)&"","〃")) | C101: =IF(E101="","",IF(E100="",INDEX(Sheet1!$CN:$CN,INT((ROWS($A$10:$A101)+1)/2)+1)&"","〃")) | D101: =IF(E101="","",IF(E100="",IF(INDEX(Sheet1!$N:$N,INT((ROWS($A$10:$A101)+1)/2)+1)="","",INDEX(Sheet1!$N:$N,INT((ROWS($A$10:$A101)+1)/2)+1)),"〃")) | E101: =IF(INDEX(Sheet1!$BA:$BA,INT((ROWS($A$10:$A101)+1)/2)+1)<>"","わな猟","") | F101: =IF(E101="","",INDEX(Sheet1!$BC:$BC,INT((ROWS($A$10:$A101)+1)/2)+1)&"") | G101: =IF(E101="","",IF(INDEX(Sheet1!$BM:$BM,INT((ROWS($A$10:$A101)+1)/2)+1)="","",INDEX(Sheet1!$BM:$BM,INT((ROWS($A$10:$A101)+1)/2)+1)))
